<Chromatogram xmlns:xsi="http://www.w3.org/2001/XMLSchema-instance" FormatVersion="9" UNICORNVersion="7.3.0.473"><ChromatogramName>Chrom.1</ChromatogramName><IsReadonly>false</IsReadonly><ChromatogramLayoutXml></ChromatogramLayoutXml><TimeUnit>min</TimeUnit><VolumeUnit>ml</VolumeUnit><Created>2024-03-14T17:55:56.831</Created><CreatedUtcOffsetMinutes>-420</CreatedUtcOffsetMinutes><VisualAppearance>&lt;?xml version="1.0" encoding="utf-16"?&gt;&lt;VisualAppearanceSettings FormatVersion="0.1"&gt;&lt;MirroredCurves /&gt;&lt;CurvesWithOffset /&gt;&lt;/VisualAppearanceSettings&gt;</VisualAppearance><ChromatogramID>298561</ChromatogramID><Curves><Curve CurveDataType="UV"><Name>UV 1_280</Name><IsoChroneType>Time</IsoChroneType><InjectionEventCurve><CurveNumber>12</CurveNumber></InjectionEventCurve><IsExternal>false</IsExternal><ScanInterval>0</ScanInterval><DistanceBetweenPoints>0.001666667</DistanceBetweenPoints><DistanceToStartPoint>0.001666667</DistanceToStartPoint><TimeUnit>min</TimeUnit><MethodStartTime>2024-03-14T17:55:57.033</MethodStartTime><MethodStartTimeUtcOffsetMinutes>-420</MethodStartTimeUtcOffsetMinutes><ChromatogramStartTime>2024-03-14T17:55:57.033</ChromatogramStartTime><ChromatogramStartTimeUtcOffsetMinutes>-420</ChromatogramStartTimeUtcOffsetMinutes><VolumeUnit>ml</VolumeUnit><AmplitudePrecision>3</AmplitudePrecision><AmplitudeUnit>mAU</AmplitudeUnit><IsOriginalData>true</IsOriginalData><IsReadOnly>false</IsReadOnly><CompressionDesc></CompressionDesc><CurveNumber>1</CurveNumber><ColumnVolume>23.562</ColumnVolume><ColumnVolumeUnitName>ml</ColumnVolumeUnitName><CurvePoints><CurvePoint><IsFullResolution>true</IsFullResolution><BinaryCurvePointsFileName>Chrom.1_1_True</BinaryCurvePointsFileName></CurvePoint></CurvePoints><GuidePoints /><CurveUVInfo><IsUVValuesNormalizedToNominalUVPathLength>true</IsUVValuesNormalizedToNominalUVPathLength><UVPathLength>2.07</UVPathLength><NominalUVPathLength>2</NominalUVPathLength><IsSystemProvided>true</IsSystemProvided></CurveUVInfo></Curve><Curve CurveDataType="UV"><Name>UV 2_260</Name><IsoChroneType>Time</IsoChroneType><InjectionEventCurve><CurveNumber>12</CurveNumber></InjectionEventCurve><IsExternal>false</IsExternal><ScanInterval>0</ScanInterval><DistanceBetweenPoints>0.008333334</DistanceBetweenPoints><DistanceToStartPoint>0.005</DistanceToStartPoint><TimeUnit>min</TimeUnit><MethodStartTime>2024-03-14T17:55:57.033</MethodStartTime><MethodStartTimeUtcOffsetMinutes>-420</MethodStartTimeUtcOffsetMinutes><ChromatogramStartTime>2024-03-14T17:55:57.033</ChromatogramStartTime><ChromatogramStartTimeUtcOffsetMinutes>-420</ChromatogramStartTimeUtcOffsetMinutes><VolumeUnit>ml</VolumeUnit><AmplitudePrecision>3</AmplitudePrecision><AmplitudeUnit>mAU</AmplitudeUnit><IsOriginalData>true</IsOriginalData><IsReadOnly>false</IsReadOnly><CompressionDesc></CompressionDesc><CurveNumber>2</CurveNumber><ColumnVolume>23.562</ColumnVolume><ColumnVolumeUnitName>ml</ColumnVolumeUnitName><CurvePoints><CurvePoint><IsFullResolution>true</IsFullResolution><BinaryCurvePointsFileName>Chrom.1_2_True</BinaryCurvePointsFileName></CurvePoint></CurvePoints><GuidePoints /><CurveUVInfo><IsUVValuesNormalizedToNominalUVPathLength>true</IsUVValuesNormalizedToNominalUVPathLength><UVPathLength>2.07</UVPathLength><NominalUVPathLength>2</NominalUVPathLength><IsSystemProvided>true</IsSystemProvided></CurveUVInfo></Curve><Curve CurveDataType="UV"><Name>UV 3_230</Name><IsoChroneType>Time</IsoChroneType><InjectionEventCurve><CurveNumber>12</CurveNumber></InjectionEventCurve><IsExternal>false</IsExternal><ScanInterval>0</ScanInterval><DistanceBetweenPoints>0.008333334</DistanceBetweenPoints><DistanceToStartPoint>0.005</DistanceToStartPoint><TimeUnit>min</TimeUnit><MethodStartTime>2024-03-14T17:55:57.033</MethodStartTime><MethodStartTimeUtcOffsetMinutes>-420</MethodStartTimeUtcOffsetMinutes><ChromatogramStartTime>2024-03-14T17:55:57.033</ChromatogramStartTime><ChromatogramStartTimeUtcOffsetMinutes>-420</ChromatogramStartTimeUtcOffsetMinutes><VolumeUnit>ml</VolumeUnit><AmplitudePrecision>3</AmplitudePrecision><AmplitudeUnit>mAU</AmplitudeUnit><IsOriginalData>true</IsOriginalData><IsReadOnly>false</IsReadOnly><CompressionDesc></CompressionDesc><CurveNumber>3</CurveNumber><ColumnVolume>23.562</ColumnVolume><ColumnVolumeUnitName>ml</ColumnVolumeUnitName><CurvePoints><CurvePoint><IsFullResolution>true</IsFullResolution><BinaryCurvePointsFileName>Chrom.1_3_True</BinaryCurvePointsFileName></CurvePoint></CurvePoints><GuidePoints /><CurveUVInfo><IsUVValuesNormalizedToNominalUVPathLength>true</IsUVValuesNormalizedToNominalUVPathLength><UVPathLength>2.07</UVPathLength><NominalUVPathLength>2</NominalUVPathLength><IsSystemProvided>true</IsSystemProvided></CurveUVInfo></Curve><Curve CurveDataType="Conduction"><Name>Cond</Name><IsoChroneType>Time</IsoChroneType><InjectionEventCurve><CurveNumber>12</CurveNumber></InjectionEventCurve><IsExternal>false</IsExternal><ScanInterval>0</ScanInterval><DistanceBetweenPoints>0.003333333</DistanceBetweenPoints><DistanceToStartPoint>0.003333333</DistanceToStartPoint><TimeUnit>min</TimeUnit><MethodStartTime>2024-03-14T17:55:57.033</MethodStartTime><MethodStartTimeUtcOffsetMinutes>-420</MethodStartTimeUtcOffsetMinutes><ChromatogramStartTime>2024-03-14T17:55:57.033</ChromatogramStartTime><ChromatogramStartTimeUtcOffsetMinutes>-420</ChromatogramStartTimeUtcOffsetMinutes><VolumeUnit>ml</VolumeUnit><AmplitudePrecision>2</AmplitudePrecision><AmplitudeUnit>mS/cm</AmplitudeUnit><IsOriginalData>true</IsOriginalData><IsReadOnly>false</IsReadOnly><CompressionDesc></CompressionDesc><CurveNumber>4</CurveNumber><ColumnVolume>23.562</ColumnVolume><ColumnVolumeUnitName>ml</ColumnVolumeUnitName><CurvePoints><CurvePoint><IsFullResolution>true</IsFullResolution><BinaryCurvePointsFileName>Chrom.1_4_True</BinaryCurvePointsFileName></CurvePoint></CurvePoints><GuidePoints /></Curve><Curve CurveDataType="Conduction"><Name>% Cond</Name><IsoChroneType>Time</IsoChroneType><InjectionEventCurve><CurveNumber>12</CurveNumber></InjectionEventCurve><IsExternal>false</IsExternal><ScanInterval>0</ScanInterval><DistanceBetweenPoints>0.01666667</DistanceBetweenPoints><DistanceToStartPoint>0.008333334</DistanceToStartPoint><TimeUnit>min</TimeUnit><MethodStartTime>2024-03-14T17:55:57.033</MethodStartTime><MethodStartTimeUtcOffsetMinutes>-420</MethodStartTimeUtcOffsetMinutes><ChromatogramStartTime>2024-03-14T17:55:57.033</ChromatogramStartTime><ChromatogramStartTimeUtcOffsetMinutes>-420</ChromatogramStartTimeUtcOffsetMinutes><VolumeUnit>ml</VolumeUnit><AmplitudePrecision>1</AmplitudePrecision><AmplitudeUnit>%</AmplitudeUnit><IsOriginalData>true</IsOriginalData><IsReadOnly>false</IsReadOnly><CompressionDesc></CompressionDesc><CurveNumber>5</CurveNumber><ColumnVolume>23.562</ColumnVolume><ColumnVolumeUnitName>ml</ColumnVolumeUnitName><CurvePoints><CurvePoint><IsFullResolution>true</IsFullResolution><BinaryCurvePointsFileName>Chrom.1_5_True</BinaryCurvePointsFileName></CurvePoint></CurvePoints><GuidePoints /></Curve><Curve CurveDataType="Other"><Name>Conc B</Name><IsoChroneType>Time</IsoChroneType><InjectionEventCurve><CurveNumber>12</CurveNumber></InjectionEventCurve><IsExternal>false</IsExternal><ScanInterval>0</ScanInterval><DistanceBetweenPoints>0.01666667</DistanceBetweenPoints><DistanceToStartPoint>0.008333334</DistanceToStartPoint><TimeUnit>min</TimeUnit><MethodStartTime>2024-03-14T17:55:57.033</MethodStartTime><MethodStartTimeUtcOffsetMinutes>-420</MethodStartTimeUtcOffsetMinutes><ChromatogramStartTime>2024-03-14T17:55:57.033</ChromatogramStartTime><ChromatogramStartTimeUtcOffsetMinutes>-420</ChromatogramStartTimeUtcOffsetMinutes><VolumeUnit>ml</VolumeUnit><AmplitudePrecision>1</AmplitudePrecision><AmplitudeUnit>%</AmplitudeUnit><IsOriginalData>true</IsOriginalData><IsReadOnly>false</IsReadOnly><CompressionDesc></CompressionDesc><CurveNumber>6</CurveNumber><ColumnVolume>23.562</ColumnVolume><ColumnVolumeUnitName>ml</ColumnVolumeUnitName><CurvePoints><CurvePoint><IsFullResolution>true</IsFullResolution><BinaryCurvePointsFileName>Chrom.1_6_True</BinaryCurvePointsFileName></CurvePoint></CurvePoints><GuidePoints /></Curve><Curve CurveDataType="Other"><Name>System flow</Name><IsoChroneType>Time</IsoChroneType><InjectionEventCurve><CurveNumber>12</CurveNumber></InjectionEventCurve><IsExternal>false</IsExternal><ScanInterval>0</ScanInterval><DistanceBetweenPoints>0.01666667</DistanceBetweenPoints><DistanceToStartPoint>0.008333334</DistanceToStartPoint><TimeUnit>min</TimeUnit><MethodStartTime>2024-03-14T17:55:57.033</MethodStartTime><MethodStartTimeUtcOffsetMinutes>-420</MethodStartTimeUtcOffsetMinutes><ChromatogramStartTime>2024-03-14T17:55:57.033</ChromatogramStartTime><ChromatogramStartTimeUtcOffsetMinutes>-420</ChromatogramStartTimeUtcOffsetMinutes><VolumeUnit>ml</VolumeUnit><AmplitudePrecision>3</AmplitudePrecision><AmplitudeUnit>ml/min</AmplitudeUnit><IsOriginalData>true</IsOriginalData><IsReadOnly>false</IsReadOnly><CompressionDesc></CompressionDesc><CurveNumber>7</CurveNumber><ColumnVolume>23.562</ColumnVolume><ColumnVolumeUnitName>ml</ColumnVolumeUnitName><CurvePoints><CurvePoint><IsFullResolution>true</IsFullResolution><BinaryCurvePointsFileName>Chrom.1_7_True</BinaryCurvePointsFileName></CurvePoint></CurvePoints><GuidePoints /></Curve><Curve CurveDataType="Other"><Name>System linear flow</Name><IsoChroneType>Time</IsoChroneType><InjectionEventCurve><CurveNumber>12</CurveNumber></InjectionEventCurve><IsExternal>false</IsExternal><ScanInterval>0</ScanInterval><DistanceBetweenPoints>0.01666667</DistanceBetweenPoints><DistanceToStartPoint>0.01</DistanceToStartPoint><TimeUnit>min</TimeUnit><MethodStartTime>2024-03-14T17:55:57.033</MethodStartTime><MethodStartTimeUtcOffsetMinutes>-420</MethodStartTimeUtcOffsetMinutes><ChromatogramStartTime>2024-03-14T17:55:57.033</ChromatogramStartTime><ChromatogramStartTimeUtcOffsetMinutes>-420</ChromatogramStartTimeUtcOffsetMinutes><VolumeUnit>ml</VolumeUnit><AmplitudePrecision>1</AmplitudePrecision><AmplitudeUnit>cm/h</AmplitudeUnit><IsOriginalData>true</IsOriginalData><IsReadOnly>false</IsReadOnly><CompressionDesc></CompressionDesc><CurveNumber>8</CurveNumber><ColumnVolume>23.562</ColumnVolume><ColumnVolumeUnitName>ml</ColumnVolumeUnitName><CurvePoints><CurvePoint><IsFullResolution>true</IsFullResolution><BinaryCurvePointsFileName>Chrom.1_8_True</BinaryCurvePointsFileName></CurvePoint></CurvePoints><GuidePoints /></Curve><Curve CurveDataType="Pressure"><Name>PreC pressure</Name><IsoChroneType>Time</IsoChroneType><InjectionEventCurve><CurveNumber>12</CurveNumber></InjectionEventCurve><IsExternal>false</IsExternal><ScanInterval>0</ScanInterval><DistanceBetweenPoints>0.01666667</DistanceBetweenPoints><DistanceToStartPoint>0.006666667</DistanceToStartPoint><TimeUnit>min</TimeUnit><MethodStartTime>2024-03-14T17:55:57.033</MethodStartTime><MethodStartTimeUtcOffsetMinutes>-420</MethodStartTimeUtcOffsetMinutes><ChromatogramStartTime>2024-03-14T17:55:57.033</ChromatogramStartTime><ChromatogramStartTimeUtcOffsetMinutes>-420</ChromatogramStartTimeUtcOffsetMinutes><VolumeUnit>ml</VolumeUnit><AmplitudePrecision>3</AmplitudePrecision><AmplitudeUnit>MPa</AmplitudeUnit><IsOriginalData>true</IsOriginalData><IsReadOnly>false</IsReadOnly><CompressionDesc></CompressionDesc><CurveNumber>9</CurveNumber><ColumnVolume>23.562</ColumnVolume><ColumnVolumeUnitName>ml</ColumnVolumeUnitName><CurvePoints><CurvePoint><IsFullResolution>true</IsFullResolution><BinaryCurvePointsFileName>Chrom.1_9_True</BinaryCurvePointsFileName></CurvePoint></CurvePoints><GuidePoints /></Curve><Curve CurveDataType="Pressure"><Name>DeltaC pressure</Name><IsoChroneType>Time</IsoChroneType><InjectionEventCurve><CurveNumber>12</CurveNumber></InjectionEventCurve><IsExternal>false</IsExternal><ScanInterval>0</ScanInterval><DistanceBetweenPoints>0.01666667</DistanceBetweenPoints><DistanceToStartPoint>0.005</DistanceToStartPoint><TimeUnit>min</TimeUnit><MethodStartTime>2024-03-14T17:55:57.033</MethodStartTime><MethodStartTimeUtcOffsetMinutes>-420</MethodStartTimeUtcOffsetMinutes><ChromatogramStartTime>2024-03-14T17:55:57.033</ChromatogramStartTime><ChromatogramStartTimeUtcOffsetMinutes>-420</ChromatogramStartTimeUtcOffsetMinutes><VolumeUnit>ml</VolumeUnit><AmplitudePrecision>3</AmplitudePrecision><AmplitudeUnit>MPa</AmplitudeUnit><IsOriginalData>true</IsOriginalData><IsReadOnly>false</IsReadOnly><CompressionDesc></CompressionDesc><CurveNumber>10</CurveNumber><ColumnVolume>23.562</ColumnVolume><ColumnVolumeUnitName>ml</ColumnVolumeUnitName><CurvePoints><CurvePoint><IsFullResolution>true</IsFullResolution><BinaryCurvePointsFileName>Chrom.1_10_True</BinaryCurvePointsFileName></CurvePoint></CurvePoints><GuidePoints /></Curve><Curve CurveDataType="Pressure"><Name>System pressure</Name><IsoChroneType>Time</IsoChroneType><InjectionEventCurve><CurveNumber>12</CurveNumber></InjectionEventCurve><IsExternal>false</IsExternal><ScanInterval>0</ScanInterval><DistanceBetweenPoints>0.001666667</DistanceBetweenPoints><DistanceToStartPoint>0.001666667</DistanceToStartPoint><TimeUnit>min</TimeUnit><MethodStartTime>2024-03-14T17:55:57.033</MethodStartTime><MethodStartTimeUtcOffsetMinutes>-420</MethodStartTimeUtcOffsetMinutes><ChromatogramStartTime>2024-03-14T17:55:57.033</ChromatogramStartTime><ChromatogramStartTimeUtcOffsetMinutes>-420</ChromatogramStartTimeUtcOffsetMinutes><VolumeUnit>ml</VolumeUnit><AmplitudePrecision>3</AmplitudePrecision><AmplitudeUnit>MPa</AmplitudeUnit><IsOriginalData>true</IsOriginalData><IsReadOnly>false</IsReadOnly><CompressionDesc></CompressionDesc><CurveNumber>20</CurveNumber><ColumnVolume>23.562</ColumnVolume><ColumnVolumeUnitName>ml</ColumnVolumeUnitName><CurvePoints><CurvePoint><IsFullResolution>true</IsFullResolution><BinaryCurvePointsFileName>Chrom.1_20_True</BinaryCurvePointsFileName></CurvePoint></CurvePoints><GuidePoints /></Curve><Curve CurveDataType="Pressure"><Name>PostC pressure</Name><IsoChroneType>Time</IsoChroneType><InjectionEventCurve><CurveNumber>12</CurveNumber></InjectionEventCurve><IsExternal>false</IsExternal><ScanInterval>0</ScanInterval><DistanceBetweenPoints>0.01666667</DistanceBetweenPoints><DistanceToStartPoint>0.005</DistanceToStartPoint><TimeUnit>min</TimeUnit><MethodStartTime>2024-03-14T17:55:57.033</MethodStartTime><MethodStartTimeUtcOffsetMinutes>-420</MethodStartTimeUtcOffsetMinutes><ChromatogramStartTime>2024-03-14T17:55:57.033</ChromatogramStartTime><ChromatogramStartTimeUtcOffsetMinutes>-420</ChromatogramStartTimeUtcOffsetMinutes><VolumeUnit>ml</VolumeUnit><AmplitudePrecision>3</AmplitudePrecision><AmplitudeUnit>MPa</AmplitudeUnit><IsOriginalData>true</IsOriginalData><IsReadOnly>false</IsReadOnly><CompressionDesc></CompressionDesc><CurveNumber>21</CurveNumber><ColumnVolume>23.562</ColumnVolume><ColumnVolumeUnitName>ml</ColumnVolumeUnitName><CurvePoints><CurvePoint><IsFullResolution>true</IsFullResolution><BinaryCurvePointsFileName>Chrom.1_21_True</BinaryCurvePointsFileName></CurvePoint></CurvePoints><GuidePoints /></Curve><Curve CurveDataType="Temperature"><Name>Cond temp</Name><IsoChroneType>Time</IsoChroneType><InjectionEventCurve><CurveNumber>12</CurveNumber></InjectionEventCurve><IsExternal>false</IsExternal><ScanInterval>0</ScanInterval><DistanceBetweenPoints>0.03333334</DistanceBetweenPoints><DistanceToStartPoint>0.003333333</DistanceToStartPoint><TimeUnit>min</TimeUnit><MethodStartTime>2024-03-14T17:55:57.033</MethodStartTime><MethodStartTimeUtcOffsetMinutes>-420</MethodStartTimeUtcOffsetMinutes><ChromatogramStartTime>2024-03-14T17:55:57.033</ChromatogramStartTime><ChromatogramStartTimeUtcOffsetMinutes>-420</ChromatogramStartTimeUtcOffsetMinutes><VolumeUnit>ml</VolumeUnit><AmplitudePrecision>1</AmplitudePrecision><AmplitudeUnit>°C</AmplitudeUnit><IsOriginalData>true</IsOriginalData><IsReadOnly>false</IsReadOnly><CompressionDesc></CompressionDesc><CurveNumber>23</CurveNumber><ColumnVolume>23.562</ColumnVolume><ColumnVolumeUnitName>ml</ColumnVolumeUnitName><CurvePoints><CurvePoint><IsFullResolution>true</IsFullResolution><BinaryCurvePointsFileName>Chrom.1_23_True</BinaryCurvePointsFileName></CurvePoint></CurvePoints><GuidePoints /></Curve><Curve CurveDataType="Other"><Name>Analog in 1</Name><IsoChroneType>Time</IsoChroneType><InjectionEventCurve><CurveNumber>12</CurveNumber></InjectionEventCurve><IsExternal>false</IsExternal><ScanInterval>0</ScanInterval><DistanceBetweenPoints>0.003333333</DistanceBetweenPoints><DistanceToStartPoint>0.001666667</DistanceToStartPoint><TimeUnit>min</TimeUnit><MethodStartTime>2024-03-14T17:55:57.033</MethodStartTime><MethodStartTimeUtcOffsetMinutes>-420</MethodStartTimeUtcOffsetMinutes><ChromatogramStartTime>2024-03-14T17:55:57.033</ChromatogramStartTime><ChromatogramStartTimeUtcOffsetMinutes>-420</ChromatogramStartTimeUtcOffsetMinutes><VolumeUnit>ml</VolumeUnit><AmplitudePrecision>1</AmplitudePrecision><AmplitudeUnit>mV</AmplitudeUnit><IsOriginalData>true</IsOriginalData><IsReadOnly>false</IsReadOnly><CompressionDesc></CompressionDesc><CurveNumber>34</CurveNumber><ColumnVolume>23.562</ColumnVolume><ColumnVolumeUnitName>ml</ColumnVolumeUnitName><CurvePoints><CurvePoint><IsFullResolution>true</IsFullResolution><BinaryCurvePointsFileName>Chrom.1_34_True</BinaryCurvePointsFileName></CurvePoint></CurvePoints><GuidePoints /></Curve><Curve CurveDataType="Other"><Name>Analog in 2</Name><IsoChroneType>Time</IsoChroneType><InjectionEventCurve><CurveNumber>12</CurveNumber></InjectionEventCurve><IsExternal>false</IsExternal><ScanInterval>0</ScanInterval><DistanceBetweenPoints>0.003333333</DistanceBetweenPoints><DistanceToStartPoint>0.001666667</DistanceToStartPoint><TimeUnit>min</TimeUnit><MethodStartTime>2024-03-14T17:55:57.033</MethodStartTime><MethodStartTimeUtcOffsetMinutes>-420</MethodStartTimeUtcOffsetMinutes><ChromatogramStartTime>2024-03-14T17:55:57.033</ChromatogramStartTime><ChromatogramStartTimeUtcOffsetMinutes>-420</ChromatogramStartTimeUtcOffsetMinutes><VolumeUnit>ml</VolumeUnit><AmplitudePrecision>1</AmplitudePrecision><AmplitudeUnit>mV</AmplitudeUnit><IsOriginalData>true</IsOriginalData><IsReadOnly>false</IsReadOnly><CompressionDesc></CompressionDesc><CurveNumber>35</CurveNumber><ColumnVolume>23.562</ColumnVolume><ColumnVolumeUnitName>ml</ColumnVolumeUnitName><CurvePoints><CurvePoint><IsFullResolution>true</IsFullResolution><BinaryCurvePointsFileName>Chrom.1_35_True</BinaryCurvePointsFileName></CurvePoint></CurvePoints><GuidePoints /></Curve><Curve CurveDataType="Other"><Name>UV cell path length</Name><IsoChroneType>Time</IsoChroneType><InjectionEventCurve><CurveNumber>12</CurveNumber></InjectionEventCurve><IsExternal>false</IsExternal><ScanInterval>0</ScanInterval><DistanceBetweenPoints>0.01666667</DistanceBetweenPoints><DistanceToStartPoint>0.01166667</DistanceToStartPoint><TimeUnit>min</TimeUnit><MethodStartTime>2024-03-14T17:55:57.033</MethodStartTime><MethodStartTimeUtcOffsetMinutes>-420</MethodStartTimeUtcOffsetMinutes><ChromatogramStartTime>2024-03-14T17:55:57.033</ChromatogramStartTime><ChromatogramStartTimeUtcOffsetMinutes>-420</ChromatogramStartTimeUtcOffsetMinutes><VolumeUnit>ml</VolumeUnit><AmplitudePrecision>1</AmplitudePrecision><AmplitudeUnit>cm</AmplitudeUnit><IsOriginalData>true</IsOriginalData><IsReadOnly>false</IsReadOnly><CompressionDesc></CompressionDesc><CurveNumber>38</CurveNumber><ColumnVolume>23.562</ColumnVolume><ColumnVolumeUnitName>ml</ColumnVolumeUnitName><CurvePoints><CurvePoint><IsFullResolution>true</IsFullResolution><BinaryCurvePointsFileName>Chrom.1_38_True</BinaryCurvePointsFileName></CurvePoint></CurvePoints><GuidePoints /><CurveUVInfo><IsUVValuesNormalizedToNominalUVPathLength>true</IsUVValuesNormalizedToNominalUVPathLength><UVPathLength>2.07</UVPathLength><NominalUVPathLength>2</NominalUVPathLength><IsSystemProvided>true</IsSystemProvided></CurveUVInfo></Curve><Curve CurveDataType="Other"><Name>Digital in 1</Name><IsoChroneType>Time</IsoChroneType><InjectionEventCurve><CurveNumber>12</CurveNumber></InjectionEventCurve><IsExternal>false</IsExternal><ScanInterval>0</ScanInterval><DistanceBetweenPoints>0.003333333</DistanceBetweenPoints><DistanceToStartPoint>0.001666667</DistanceToStartPoint><TimeUnit>min</TimeUnit><MethodStartTime>2024-03-14T17:55:57.033</MethodStartTime><MethodStartTimeUtcOffsetMinutes>-420</MethodStartTimeUtcOffsetMinutes><ChromatogramStartTime>2024-03-14T17:55:57.033</ChromatogramStartTime><ChromatogramStartTimeUtcOffsetMinutes>-420</ChromatogramStartTimeUtcOffsetMinutes><VolumeUnit>ml</VolumeUnit><AmplitudePrecision>0</AmplitudePrecision><AmplitudeUnit></AmplitudeUnit><IsOriginalData>true</IsOriginalData><IsReadOnly>false</IsReadOnly><CompressionDesc></CompressionDesc><CurveNumber>41</CurveNumber><ColumnVolume>23.562</ColumnVolume><ColumnVolumeUnitName>ml</ColumnVolumeUnitName><CurvePoints><CurvePoint><IsFullResolution>true</IsFullResolution><BinaryCurvePointsFileName>Chrom.1_41_True</BinaryCurvePointsFileName></CurvePoint></CurvePoints><GuidePoints /></Curve><Curve CurveDataType="Other"><Name>Digital in 2</Name><IsoChroneType>Time</IsoChroneType><InjectionEventCurve><CurveNumber>12</CurveNumber></InjectionEventCurve><IsExternal>false</IsExternal><ScanInterval>0</ScanInterval><DistanceBetweenPoints>0.003333333</DistanceBetweenPoints><DistanceToStartPoint>0.001666667</DistanceToStartPoint><TimeUnit>min</TimeUnit><MethodStartTime>2024-03-14T17:55:57.033</MethodStartTime><MethodStartTimeUtcOffsetMinutes>-420</MethodStartTimeUtcOffsetMinutes><ChromatogramStartTime>2024-03-14T17:55:57.033</ChromatogramStartTime><ChromatogramStartTimeUtcOffsetMinutes>-420</ChromatogramStartTimeUtcOffsetMinutes><VolumeUnit>ml</VolumeUnit><AmplitudePrecision>0</AmplitudePrecision><AmplitudeUnit></AmplitudeUnit><IsOriginalData>true</IsOriginalData><IsReadOnly>false</IsReadOnly><CompressionDesc></CompressionDesc><CurveNumber>42</CurveNumber><ColumnVolume>23.562</ColumnVolume><ColumnVolumeUnitName>ml</ColumnVolumeUnitName><CurvePoints><CurvePoint><IsFullResolution>true</IsFullResolution><BinaryCurvePointsFileName>Chrom.1_42_True</BinaryCurvePointsFileName></CurvePoint></CurvePoints><GuidePoints /></Curve><Curve CurveDataType="Other"><Name>Digital in 3</Name><IsoChroneType>Time</IsoChroneType><InjectionEventCurve><CurveNumber>12</CurveNumber></InjectionEventCurve><IsExternal>false</IsExternal><ScanInterval>0</ScanInterval><DistanceBetweenPoints>0.003333333</DistanceBetweenPoints><DistanceToStartPoint>0.001666667</DistanceToStartPoint><TimeUnit>min</TimeUnit><MethodStartTime>2024-03-14T17:55:57.033</MethodStartTime><MethodStartTimeUtcOffsetMinutes>-420</MethodStartTimeUtcOffsetMinutes><ChromatogramStartTime>2024-03-14T17:55:57.033</ChromatogramStartTime><ChromatogramStartTimeUtcOffsetMinutes>-420</ChromatogramStartTimeUtcOffsetMinutes><VolumeUnit>ml</VolumeUnit><AmplitudePrecision>0</AmplitudePrecision><AmplitudeUnit></AmplitudeUnit><IsOriginalData>true</IsOriginalData><IsReadOnly>false</IsReadOnly><CompressionDesc></CompressionDesc><CurveNumber>43</CurveNumber><ColumnVolume>23.562</ColumnVolume><ColumnVolumeUnitName>ml</ColumnVolumeUnitName><CurvePoints><CurvePoint><IsFullResolution>true</IsFullResolution><BinaryCurvePointsFileName>Chrom.1_43_True</BinaryCurvePointsFileName></CurvePoint></CurvePoints><GuidePoints /></Curve><Curve CurveDataType="Other"><Name>Digital in 4</Name><IsoChroneType>Time</IsoChroneType><InjectionEventCurve><CurveNumber>12</CurveNumber></InjectionEventCurve><IsExternal>false</IsExternal><ScanInterval>0</ScanInterval><DistanceBetweenPoints>0.003333333</DistanceBetweenPoints><DistanceToStartPoint>0.001666667</DistanceToStartPoint><TimeUnit>min</TimeUnit><MethodStartTime>2024-03-14T17:55:57.033</MethodStartTime><MethodStartTimeUtcOffsetMinutes>-420</MethodStartTimeUtcOffsetMinutes><ChromatogramStartTime>2024-03-14T17:55:57.033</ChromatogramStartTime><ChromatogramStartTimeUtcOffsetMinutes>-420</ChromatogramStartTimeUtcOffsetMinutes><VolumeUnit>ml</VolumeUnit><AmplitudePrecision>0</AmplitudePrecision><AmplitudeUnit></AmplitudeUnit><IsOriginalData>true</IsOriginalData><IsReadOnly>false</IsReadOnly><CompressionDesc></CompressionDesc><CurveNumber>44</CurveNumber><ColumnVolume>23.562</ColumnVolume><ColumnVolumeUnitName>ml</ColumnVolumeUnitName><CurvePoints><CurvePoint><IsFullResolution>true</IsFullResolution><BinaryCurvePointsFileName>Chrom.1_44_True</BinaryCurvePointsFileName></CurvePoint></CurvePoints><GuidePoints /></Curve><Curve CurveDataType="Other"><Name>Digital out_1</Name><IsoChroneType>Time</IsoChroneType><InjectionEventCurve><CurveNumber>12</CurveNumber></InjectionEventCurve><IsExternal>false</IsExternal><ScanInterval>0</ScanInterval><DistanceBetweenPoints>0.003333333</DistanceBetweenPoints><DistanceToStartPoint>0.001666667</DistanceToStartPoint><TimeUnit>min</TimeUnit><MethodStartTime>2024-03-14T17:55:57.033</MethodStartTime><MethodStartTimeUtcOffsetMinutes>-420</MethodStartTimeUtcOffsetMinutes><ChromatogramStartTime>2024-03-14T17:55:57.033</ChromatogramStartTime><ChromatogramStartTimeUtcOffsetMinutes>-420</ChromatogramStartTimeUtcOffsetMinutes><VolumeUnit>ml</VolumeUnit><AmplitudePrecision>0</AmplitudePrecision><AmplitudeUnit></AmplitudeUnit><IsOriginalData>true</IsOriginalData><IsReadOnly>false</IsReadOnly><CompressionDesc></CompressionDesc><CurveNumber>49</CurveNumber><ColumnVolume>23.562</ColumnVolume><ColumnVolumeUnitName>ml</ColumnVolumeUnitName><CurvePoints><CurvePoint><IsFullResolution>true</IsFullResolution><BinaryCurvePointsFileName>Chrom.1_49_True</BinaryCurvePointsFileName></CurvePoint></CurvePoints><GuidePoints /></Curve><Curve CurveDataType="Other"><Name>Digital out_2</Name><IsoChroneType>Time</IsoChroneType><InjectionEventCurve><CurveNumber>12</CurveNumber></InjectionEventCurve><IsExternal>false</IsExternal><ScanInterval>0</ScanInterval><DistanceBetweenPoints>0.003333333</DistanceBetweenPoints><DistanceToStartPoint>0.001666667</DistanceToStartPoint><TimeUnit>min</TimeUnit><MethodStartTime>2024-03-14T17:55:57.033</MethodStartTime><MethodStartTimeUtcOffsetMinutes>-420</MethodStartTimeUtcOffsetMinutes><ChromatogramStartTime>2024-03-14T17:55:57.033</ChromatogramStartTime><ChromatogramStartTimeUtcOffsetMinutes>-420</ChromatogramStartTimeUtcOffsetMinutes><VolumeUnit>ml</VolumeUnit><AmplitudePrecision>0</AmplitudePrecision><AmplitudeUnit></AmplitudeUnit><IsOriginalData>true</IsOriginalData><IsReadOnly>false</IsReadOnly><CompressionDesc></CompressionDesc><CurveNumber>50</CurveNumber><ColumnVolume>23.562</ColumnVolume><ColumnVolumeUnitName>ml</ColumnVolumeUnitName><CurvePoints><CurvePoint><IsFullResolution>true</IsFullResolution><BinaryCurvePointsFileName>Chrom.1_50_True</BinaryCurvePointsFileName></CurvePoint></CurvePoints><GuidePoints /></Curve><Curve CurveDataType="Other"><Name>Digital out_3</Name><IsoChroneType>Time</IsoChroneType><InjectionEventCurve><CurveNumber>12</CurveNumber></InjectionEventCurve><IsExternal>false</IsExternal><ScanInterval>0</ScanInterval><DistanceBetweenPoints>0.003333333</DistanceBetweenPoints><DistanceToStartPoint>0.001666667</DistanceToStartPoint><TimeUnit>min</TimeUnit><MethodStartTime>2024-03-14T17:55:57.033</MethodStartTime><MethodStartTimeUtcOffsetMinutes>-420</MethodStartTimeUtcOffsetMinutes><ChromatogramStartTime>2024-03-14T17:55:57.033</ChromatogramStartTime><ChromatogramStartTimeUtcOffsetMinutes>-420</ChromatogramStartTimeUtcOffsetMinutes><VolumeUnit>ml</VolumeUnit><AmplitudePrecision>0</AmplitudePrecision><AmplitudeUnit></AmplitudeUnit><IsOriginalData>true</IsOriginalData><IsReadOnly>false</IsReadOnly><CompressionDesc></CompressionDesc><CurveNumber>51</CurveNumber><ColumnVolume>23.562</ColumnVolume><ColumnVolumeUnitName>ml</ColumnVolumeUnitName><CurvePoints><CurvePoint><IsFullResolution>true</IsFullResolution><BinaryCurvePointsFileName>Chrom.1_51_True</BinaryCurvePointsFileName></CurvePoint></CurvePoints><GuidePoints /></Curve><Curve CurveDataType="Other"><Name>Digital out_4</Name><IsoChroneType>Time</IsoChroneType><InjectionEventCurve><CurveNumber>12</CurveNumber></InjectionEventCurve><IsExternal>false</IsExternal><ScanInterval>0</ScanInterval><DistanceBetweenPoints>0.003333333</DistanceBetweenPoints><DistanceToStartPoint>0.001666667</DistanceToStartPoint><TimeUnit>min</TimeUnit><MethodStartTime>2024-03-14T17:55:57.033</MethodStartTime><MethodStartTimeUtcOffsetMinutes>-420</MethodStartTimeUtcOffsetMinutes><ChromatogramStartTime>2024-03-14T17:55:57.033</ChromatogramStartTime><ChromatogramStartTimeUtcOffsetMinutes>-420</ChromatogramStartTimeUtcOffsetMinutes><VolumeUnit>ml</VolumeUnit><AmplitudePrecision>0</AmplitudePrecision><AmplitudeUnit></AmplitudeUnit><IsOriginalData>true</IsOriginalData><IsReadOnly>false</IsReadOnly><CompressionDesc></CompressionDesc><CurveNumber>52</CurveNumber><ColumnVolume>23.562</ColumnVolume><ColumnVolumeUnitName>ml</ColumnVolumeUnitName><CurvePoints><CurvePoint><IsFullResolution>true</IsFullResolution><BinaryCurvePointsFileName>Chrom.1_52_True</BinaryCurvePointsFileName></CurvePoint></CurvePoints><GuidePoints /></Curve><Curve CurveDataType="Other"><Name>System flow (CV/h)</Name><IsoChroneType>Time</IsoChroneType><InjectionEventCurve><CurveNumber>12</CurveNumber></InjectionEventCurve><IsExternal>false</IsExternal><ScanInterval>0</ScanInterval><DistanceBetweenPoints>0.01666667</DistanceBetweenPoints><DistanceToStartPoint>0.008333334</DistanceToStartPoint><TimeUnit>min</TimeUnit><MethodStartTime>2024-03-14T17:55:57.033</MethodStartTime><MethodStartTimeUtcOffsetMinutes>-420</MethodStartTimeUtcOffsetMinutes><ChromatogramStartTime>2024-03-14T17:55:57.033</ChromatogramStartTime><ChromatogramStartTimeUtcOffsetMinutes>-420</ChromatogramStartTimeUtcOffsetMinutes><VolumeUnit>ml</VolumeUnit><AmplitudePrecision>3</AmplitudePrecision><AmplitudeUnit>CV/h</AmplitudeUnit><IsOriginalData>true</IsOriginalData><IsReadOnly>false</IsReadOnly><CompressionDesc></CompressionDesc><CurveNumber>90</CurveNumber><ColumnVolume>23.562</ColumnVolume><ColumnVolumeUnitName>ml</ColumnVolumeUnitName><CurvePoints><CurvePoint><IsFullResolution>true</IsFullResolution><BinaryCurvePointsFileName>Chrom.1_90_True</BinaryCurvePointsFileName></CurvePoint></CurvePoints><GuidePoints /></Curve></Curves><EventCurves><EventCurve EventCurveType="Fraction"><Name>Fraction</Name><MethodStartTime>2024-03-14T17:55:57.033</MethodStartTime><MethodStartTimeUtcOffsetMinutes>-420</MethodStartTimeUtcOffsetMinutes><ChromatogramStartTime>2024-03-14T17:55:57.033</ChromatogramStartTime><ChromatogramStartTimeUtcOffsetMinutes>-420</ChromatogramStartTimeUtcOffsetMinutes><InjectionEventCurve><CurveNumber>12</CurveNumber></InjectionEventCurve><TimeUnit>min</TimeUnit><VolumeUnit>ml</VolumeUnit><IsOriginalData>true</IsOriginalData><CurveNumber>11</CurveNumber><ColumnVolume>23.562</ColumnVolume><ColumnVolumeUnitName>ml</ColumnVolumeUnitName><Events><Event EventType="Method" EventSubType="Undefined"><EventTime>13.21</EventTime><EventVolume>8.09841</EventVolume><EventText>1.C.1</EventText><InstructionFeedback>0</InstructionFeedback></Event><Event EventType="Method" EventSubType="Undefined"><EventTime>14.01333</EventTime><EventVolume>8.598468</EventVolume><EventText>1.C.2</EventText><InstructionFeedback>0</InstructionFeedback></Event><Event EventType="Method" EventSubType="Undefined"><EventTime>14.80833</EventTime><EventVolume>9.097828</EventVolume><EventText>1.C.3</EventText><InstructionFeedback>0</InstructionFeedback></Event><Event EventType="Method" EventSubType="Undefined"><EventTime>15.605</EventTime><EventVolume>9.598221</EventVolume><EventText>1.C.4</EventText><InstructionFeedback>0</InstructionFeedback></Event><Event EventType="Method" EventSubType="Undefined"><EventTime>16.40167</EventTime><EventVolume>10.09784</EventVolume><EventText>1.C.5</EventText><InstructionFeedback>0</InstructionFeedback></Event><Event EventType="Method" EventSubType="Undefined"><EventTime>17.19833</EventTime><EventVolume>10.59795</EventVolume><EventText>1.C.6</EventText><InstructionFeedback>0</InstructionFeedback></Event><Event EventType="Method" EventSubType="Undefined"><EventTime>17.99667</EventTime><EventVolume>11.09866</EventVolume><EventText>1.C.7</EventText><InstructionFeedback>0</InstructionFeedback></Event><Event EventType="Method" EventSubType="Undefined"><EventTime>18.795</EventTime><EventVolume>11.59883</EventVolume><EventText>1.C.8</EventText><InstructionFeedback>0</InstructionFeedback></Event><Event EventType="Method" EventSubType="Undefined"><EventTime>19.59167</EventTime><EventVolume>12.09847</EventVolume><EventText>1.C.9</EventText><InstructionFeedback>0</InstructionFeedback></Event><Event EventType="Method" EventSubType="Undefined"><EventTime>20.39</EventTime><EventVolume>12.59883</EventVolume><EventText>1.C.10</EventText><InstructionFeedback>0</InstructionFeedback></Event><Event EventType="Method" EventSubType="Undefined"><EventTime>21.18833</EventTime><EventVolume>13.09897</EventVolume><EventText>1.C.11</EventText><InstructionFeedback>0</InstructionFeedback></Event><Event EventType="Method" EventSubType="Undefined"><EventTime>21.985</EventTime><EventVolume>13.59865</EventVolume><EventText>1.C.12</EventText><InstructionFeedback>0</InstructionFeedback></Event><Event EventType="Method" EventSubType="Undefined"><EventTime>22.78333</EventTime><EventVolume>14.09882</EventVolume><EventText>1.D.1</EventText><InstructionFeedback>0</InstructionFeedback></Event><Event EventType="Method" EventSubType="Undefined"><EventTime>23.58167</EventTime><EventVolume>14.59896</EventVolume><EventText>1.D.2</EventText><InstructionFeedback>0</InstructionFeedback></Event><Event EventType="Method" EventSubType="Undefined"><EventTime>24.38</EventTime><EventVolume>15.09923</EventVolume><EventText>1.D.3</EventText><InstructionFeedback>0</InstructionFeedback></Event><Event EventType="Method" EventSubType="Undefined"><EventTime>25.17833</EventTime><EventVolume>15.59898</EventVolume><EventText>1.D.4</EventText><InstructionFeedback>0</InstructionFeedback></Event><Event EventType="Method" EventSubType="Undefined"><EventTime>25.97667</EventTime><EventVolume>16.09893</EventVolume><EventText>1.D.5</EventText><InstructionFeedback>0</InstructionFeedback></Event><Event EventType="Method" EventSubType="Undefined"><EventTime>26.77667</EventTime><EventVolume>16.59945</EventVolume><EventText>1.D.6</EventText><InstructionFeedback>0</InstructionFeedback></Event><Event EventType="Method" EventSubType="Undefined"><EventTime>27.575</EventTime><EventVolume>17.09869</EventVolume><EventText>1.D.7</EventText><InstructionFeedback>0</InstructionFeedback></Event><Event EventType="Method" EventSubType="Undefined"><EventTime>28.375</EventTime><EventVolume>17.59912</EventVolume><EventText>1.D.8</EventText><InstructionFeedback>0</InstructionFeedback></Event><Event EventType="Method" EventSubType="Undefined"><EventTime>29.175</EventTime><EventVolume>18.09882</EventVolume><EventText>1.D.9</EventText><InstructionFeedback>0</InstructionFeedback></Event><Event EventType="Method" EventSubType="Undefined"><EventTime>29.97667</EventTime><EventVolume>18.59955</EventVolume><EventText>1.D.10</EventText><InstructionFeedback>0</InstructionFeedback></Event><Event EventType="Method" EventSubType="Undefined"><EventTime>30.77667</EventTime><EventVolume>19.09964</EventVolume><EventText>1.D.11</EventText><InstructionFeedback>0</InstructionFeedback></Event><Event EventType="Method" EventSubType="Undefined"><EventTime>31.57667</EventTime><EventVolume>19.59903</EventVolume><EventText>1.D.12</EventText><InstructionFeedback>0</InstructionFeedback></Event><Event EventType="Method" EventSubType="Undefined"><EventTime>32.04667</EventTime><EventVolume>19.89287</EventVolume><EventText>Waste(Frac)</EventText><InstructionFeedback>0</InstructionFeedback></Event><Event EventType="Fraction" EventSubType="Undefined"><EventTime>32.78</EventTime><EventVolume>20.3443</EventVolume><EventText>Waste</EventText><InstructionFeedback>0</InstructionFeedback></Event></Events></EventCurve><EventCurve EventCurveType="Injection"><Name>Injection</Name><MethodStartTime>2024-03-14T17:55:57.033</MethodStartTime><MethodStartTimeUtcOffsetMinutes>-420</MethodStartTimeUtcOffsetMinutes><ChromatogramStartTime>2024-03-14T17:55:57.033</ChromatogramStartTime><ChromatogramStartTimeUtcOffsetMinutes>-420</ChromatogramStartTimeUtcOffsetMinutes><TimeUnit>min</TimeUnit><VolumeUnit>ml</VolumeUnit><IsOriginalData>true</IsOriginalData><CurveNumber>12</CurveNumber><ColumnVolume>23.562</ColumnVolume><ColumnVolumeUnitName>ml</ColumnVolumeUnitName><Events><Event EventType="Injection" EventSubType="Undefined"><EventTime>0.1766667</EventTime><EventVolume>0.07141721</EventVolume><EventText></EventText><InstructionFeedback>0</InstructionFeedback></Event></Events></EventCurve><EventCurve EventCurveType="Logbook"><Name>Run Log</Name><MethodStartTime>2024-03-14T17:55:57.033</MethodStartTime><MethodStartTimeUtcOffsetMinutes>-420</MethodStartTimeUtcOffsetMinutes><ChromatogramStartTime>2024-03-14T17:55:57.033</ChromatogramStartTime><ChromatogramStartTimeUtcOffsetMinutes>-420</ChromatogramStartTimeUtcOffsetMinutes><InjectionEventCurve><CurveNumber>12</CurveNumber></InjectionEventCurve><TimeUnit>min</TimeUnit><VolumeUnit>ml</VolumeUnit><IsOriginalData>true</IsOriginalData><CurveNumber>22</CurveNumber><ColumnVolume>23.562</ColumnVolume><ColumnVolumeUnitName>ml</ColumnVolumeUnitName><Events><Event EventType="Method" EventSubType="BlockStart"><EventTime>0</EventTime><EventVolume>0</EventVolume><EventText>Method Run 3/14/2024 5:55:57 PM -07:00 Method: 20231201_SEC_autosampler_0.5mlfr_dump20+_A1_v5 Result: /Sundown/BakerLab/20240314_H2Db_hit6_variants_S75_TBS+5%_glycerol/hit6_CSM8_AIM(638460357565685465) User Sundown at computer DESKTOP-A1Q86I0 is in control</EventText><InstructionFeedback>0</InstructionFeedback></Event><Event EventType="Method" EventSubType="Undefined"><EventTime>0</EventTime><EventVolume>0</EventVolume><EventText>Batch ID: e1973393-8701-470b-98f5-e57152485c8a</EventText><InstructionFeedback>0</InstructionFeedback></Event><Event EventType="Method" EventSubType="Undefined"><EventTime>0</EventTime><EventVolume>0</EventVolume><EventText>Base Volume, Vc=23.562 {ml}, Superdex 75 Increase 10/300 GL</EventText><InstructionFeedback>0</InstructionFeedback></Event><Event EventType="Method" EventSubType="BlockStart"><EventTime>0</EventTime><EventVolume>0</EventVolume><EventText>Phase Method Settings (Issued) (Processing) (Completed)</EventText><InstructionFeedback>458753</InstructionFeedback></Event><Event EventType="Method" EventSubType="Undefined"><EventTime>0</EventTime><EventVolume>0</EventVolume><EventText>Base SameAsMain</EventText><InstructionFeedback>0</InstructionFeedback></Event><Event EventType="Method" EventSubType="Undefined"><EventTime>0</EventTime><EventVolume>0</EventVolume><EventText>Alarm pre column pressure Enabled 2.00 {MPa} 0.00 {MPa} (Issued) (Processing)</EventText><InstructionFeedback>196609</InstructionFeedback></Event><Event EventType="Method" EventSubType="Undefined"><EventTime>0.006666667</EventTime><EventVolume>0</EventVolume><EventText>Alarm pre column pressure Enabled 2.00 {MPa} 0.00 {MPa} (Completed)</EventText><InstructionFeedback>262145</InstructionFeedback></Event><Event EventType="Method" EventSubType="Undefined"><EventTime>0.006666667</EventTime><EventVolume>0</EventVolume><EventText>Wavelength 280 {nm} 260 {nm} 230 {nm} (Issued) (Processing)</EventText><InstructionFeedback>196609</InstructionFeedback></Event><Event EventType="Method" EventSubType="Undefined"><EventTime>0.01</EventTime><EventVolume>0</EventVolume><EventText>Wavelength 280 {nm} 260 {nm} 230 {nm} (Completed)</EventText><InstructionFeedback>262145</InstructionFeedback></Event><Event EventType="Method" EventSubType="Undefined"><EventTime>0.01</EventTime><EventVolume>0</EventVolume><EventText>Noise reduction UV 2.5 {sec} (Issued) (Processing)</EventText><InstructionFeedback>196609</InstructionFeedback></Event><Event EventType="Method" EventSubType="Undefined"><EventTime>0.01333333</EventTime><EventVolume>0</EventVolume><EventText>Noise reduction UV 2.5 {sec} (Completed)</EventText><InstructionFeedback>262145</InstructionFeedback></Event><Event EventType="Method" EventSubType="Undefined"><EventTime>0.01333333</EventTime><EventVolume>0</EventVolume><EventText>Injection valve Manual load (Issued) (Processing)</EventText><InstructionFeedback>196609</InstructionFeedback></Event><Event EventType="Method" EventSubType="Undefined"><EventTime>0.01666667</EventTime><EventVolume>0</EventVolume><EventText>Injection valve Manual load (Completed)</EventText><InstructionFeedback>262145</InstructionFeedback></Event><Event EventType="Method" EventSubType="Undefined"><EventTime>0.01666667</EventTime><EventVolume>0</EventVolume><EventText>Column position 2 Down flow (Issued) (Processing)</EventText><InstructionFeedback>196609</InstructionFeedback></Event><Event EventType="Method" EventSubType="Undefined"><EventTime>0.03</EventTime><EventVolume>0</EventVolume><EventText>Column position 2 Down flow (Completed)</EventText><InstructionFeedback>262145</InstructionFeedback></Event><Event EventType="Method" EventSubType="Undefined"><EventTime>0.03</EventTime><EventVolume>0</EventVolume><EventText>Inlet A A1 (Issued) (Processing)</EventText><InstructionFeedback>196609</InstructionFeedback></Event><Event EventType="Method" EventSubType="Undefined"><EventTime>0.03333334</EventTime><EventVolume>0</EventVolume><EventText>Inlet A A1 (Completed)</EventText><InstructionFeedback>262145</InstructionFeedback></Event><Event EventType="Method" EventSubType="Undefined"><EventTime>0.03333334</EventTime><EventVolume>0</EventVolume><EventText>Inlet B B1 (Issued) (Processing)</EventText><InstructionFeedback>196609</InstructionFeedback></Event><Event EventType="Method" EventSubType="Undefined"><EventTime>0.03666667</EventTime><EventVolume>0</EventVolume><EventText>Inlet B B1 (Completed)</EventText><InstructionFeedback>262145</InstructionFeedback></Event><Event EventType="Method" EventSubType="Undefined"><EventTime>0.03666667</EventTime><EventVolume>0</EventVolume><EventText>System flow 0.700 {ml/min} Pre column pressure (Issued) (Processing)</EventText><InstructionFeedback>196609</InstructionFeedback></Event><Event EventType="Method" EventSubType="Undefined"><EventTime>0.04666667</EventTime><EventVolume>0.00007874585</EventVolume><EventText>System flow 0.700 {ml/min} Pre column pressure (Completed)</EventText><InstructionFeedback>262145</InstructionFeedback></Event><Event EventType="Method" EventSubType="BlockEnd"><EventTime>0.04666667</EventTime><EventVolume>0.00007874585</EventVolume><EventText>End Phase (Issued) (Processing) (Completed)</EventText><InstructionFeedback>458753</InstructionFeedback></Event><Event EventType="Method" EventSubType="BlockStart"><EventTime>0.04666667</EventTime><EventVolume>0.00007874585</EventVolume><EventText>Phase ALIAS loading (Issued) (Processing) (Completed)</EventText><InstructionFeedback>458753</InstructionFeedback></Event><Event EventType="Method" EventSubType="Undefined"><EventTime>0.04666667</EventTime><EventVolume>0.00007874585</EventVolume><EventText>Base Time {min}</EventText><InstructionFeedback>0</InstructionFeedback></Event><Event EventType="Method" EventSubType="Undefined"><EventTime>0.04666667</EventTime><EventVolume>0.00007874585</EventVolume><EventText>Watch Digital in 1 Equals 1 Continue (Issued) (Processing) (Completed)</EventText><InstructionFeedback>458753</InstructionFeedback></Event><Event EventType="Method" EventSubType="Undefined"><EventTime>0.04666667</EventTime><EventVolume>0.00007874585</EventVolume><EventText>Pause Infinite min 3/14/2024 5:56:00 PM -07:00 (Issued) (Processing)</EventText><InstructionFeedback>196609</InstructionFeedback></Event><Event EventType="Method" EventSubType="Undefined"><EventTime>0.04666667</EventTime><EventVolume>0.00007874585</EventVolume><EventText>Pause Infinite min 3/14/2024 5:56:00 PM -07:00 (Completed)</EventText><InstructionFeedback>262145</InstructionFeedback></Event><Event EventType="System" EventSubType="Undefined"><EventTime>0.04666667</EventTime><EventVolume>0.00007874585</EventVolume><EventText>Watch Condition Occurred Digital in 1 Equals 1 Continue (Processing) (System)</EventText><InstructionFeedback>131075</InstructionFeedback></Event><Event EventType="System" EventSubType="Undefined"><EventTime>0.04666667</EventTime><EventVolume>0.00007874585</EventVolume><EventText>Watch Condition Occurred Digital in 1 Equals 1 Continue (Completed) (System)</EventText><InstructionFeedback>262147</InstructionFeedback></Event><Event EventType="Method" EventSubType="Undefined"><EventTime>0.04666667</EventTime><EventVolume>0.00007874585</EventVolume><EventText>Pulse digital out 1 0.5 {sec} (Issued) (Processing)</EventText><InstructionFeedback>196609</InstructionFeedback></Event><Event EventType="Method" EventSubType="Undefined"><EventTime>0.05</EventTime><EventVolume>0.0004459956</EventVolume><EventText>Pulse digital out 1 0.5 {sec} (Completed)</EventText><InstructionFeedback>262145</InstructionFeedback></Event><Event EventType="Method" EventSubType="BlockEnd"><EventTime>0.05</EventTime><EventVolume>0.0004459956</EventVolume><EventText>End Phase (Issued) (Processing) (Completed)</EventText><InstructionFeedback>458753</InstructionFeedback></Event><Event EventType="Method" EventSubType="BlockStart"><EventTime>0.05</EventTime><EventVolume>0.0004459956</EventVolume><EventText>Phase ALIAS injection (Issued) (Processing) (Completed)</EventText><InstructionFeedback>458753</InstructionFeedback></Event><Event EventType="Method" EventSubType="Undefined"><EventTime>0.05</EventTime><EventVolume>0.0004459956</EventVolume><EventText>Base Time {min}</EventText><InstructionFeedback>0</InstructionFeedback></Event><Event EventType="Method" EventSubType="Undefined"><EventTime>0.15</EventTime><EventVolume>0.06215129</EventVolume><EventText>Watch Digital in 1 Equals 1 Continue (Issued) (Processing) (Completed)</EventText><InstructionFeedback>458753</InstructionFeedback></Event><Event EventType="Method" EventSubType="Undefined"><EventTime>0.15</EventTime><EventVolume>0.06215129</EventVolume><EventText>Pause Infinite min 3/14/2024 5:56:07 PM -07:00 (Issued) (Processing)</EventText><InstructionFeedback>196609</InstructionFeedback></Event><Event EventType="Method" EventSubType="Undefined"><EventTime>0.15</EventTime><EventVolume>0.06215129</EventVolume><EventText>Pause Infinite min 3/14/2024 5:56:07 PM -07:00 (Completed)</EventText><InstructionFeedback>262145</InstructionFeedback></Event><Event EventType="System" EventSubType="Undefined"><EventTime>0.15</EventTime><EventVolume>0.06215129</EventVolume><EventText>Watch Condition Occurred Digital in 1 Equals 1 Continue (Processing) (System)</EventText><InstructionFeedback>131075</InstructionFeedback></Event><Event EventType="System" EventSubType="Undefined"><EventTime>0.15</EventTime><EventVolume>0.06215129</EventVolume><EventText>Watch Condition Occurred Digital in 1 Equals 1 Continue (Completed) (System)</EventText><InstructionFeedback>262147</InstructionFeedback></Event><Event EventType="Method" EventSubType="Undefined"><EventTime>0.15</EventTime><EventVolume>0.06215129</EventVolume><EventText>Pulse digital out 2 0.5 {sec} (Issued) (Processing)</EventText><InstructionFeedback>196609</InstructionFeedback></Event><Event EventType="Method" EventSubType="Undefined"><EventTime>0.1533333</EventTime><EventVolume>0.06398482</EventVolume><EventText>Pulse digital out 2 0.5 {sec} (Completed)</EventText><InstructionFeedback>262145</InstructionFeedback></Event><Event EventType="Method" EventSubType="BlockEnd"><EventTime>0.1533333</EventTime><EventVolume>0.06398482</EventVolume><EventText>End Phase (Issued) (Processing) (Completed)</EventText><InstructionFeedback>458753</InstructionFeedback></Event><Event EventType="Method" EventSubType="BlockStart"><EventTime>0.1533333</EventTime><EventVolume>0.06398482</EventVolume><EventText>Phase Sample Application (Issued) (Processing) (Completed)</EventText><InstructionFeedback>458753</InstructionFeedback></Event><Event EventType="Method" EventSubType="Undefined"><EventTime>0.1533333</EventTime><EventVolume>0.06398482</EventVolume><EventText>Base SameAsMain</EventText><InstructionFeedback>0</InstructionFeedback></Event><Event EventType="Method" EventSubType="BlockStart"><EventTime>0.1533333</EventTime><EventVolume>0.06398482</EventVolume><EventText>Block Prepare sample loading_1 (Issued) (Processing) (Completed)</EventText><InstructionFeedback>458753</InstructionFeedback></Event><Event EventType="Method" EventSubType="Undefined"><EventTime>0.1533333</EventTime><EventVolume>0.06398482</EventVolume><EventText>Base SameAsMain</EventText><InstructionFeedback>0</InstructionFeedback></Event><Event EventType="Method" EventSubType="SetMark"><EventTime>0.1533333</EventTime><EventVolume>0.06398482</EventVolume><EventText>Set mark "hit6_CSM8_AIM" (Issued) (Processing) (Completed)</EventText><InstructionFeedback>458753</InstructionFeedback></Event><Event EventType="Method" EventSubType="BlockEnd"><EventTime>0.1533333</EventTime><EventVolume>0.06398482</EventVolume><EventText>End_Block (Issued) (Processing) (Completed)</EventText><InstructionFeedback>458753</InstructionFeedback></Event><Event EventType="Method" EventSubType="BlockStart"><EventTime>0.1533333</EventTime><EventVolume>0.06398482</EventVolume><EventText>Block Inject_1 (Issued) (Processing) (Completed)</EventText><InstructionFeedback>458753</InstructionFeedback></Event><Event EventType="Method" EventSubType="Undefined"><EventTime>0.1533333</EventTime><EventVolume>0.06398482</EventVolume><EventText>Base Volume, Vc=23.562 {ml}, ColumnSameAsMain</EventText><InstructionFeedback>0</InstructionFeedback></Event><Event EventType="Method" EventSubType="Undefined"><EventTime>0.1533333</EventTime><EventVolume>0.06398482</EventVolume><EventText>Inlet A A1 (Issued) (Processing)</EventText><InstructionFeedback>196609</InstructionFeedback></Event><Event EventType="Method" EventSubType="Undefined"><EventTime>0.1566667</EventTime><EventVolume>0.06436913</EventVolume><EventText>Inlet A A1 (Completed)</EventText><InstructionFeedback>262145</InstructionFeedback></Event><Event EventType="Method" EventSubType="Undefined"><EventTime>0.1566667</EventTime><EventVolume>0.06436913</EventVolume><EventText>Inlet B B1 (Issued) (Processing)</EventText><InstructionFeedback>196609</InstructionFeedback></Event><Event EventType="Method" EventSubType="Undefined"><EventTime>0.16</EventTime><EventVolume>0.06502502</EventVolume><EventText>Inlet B B1 (Completed)</EventText><InstructionFeedback>262145</InstructionFeedback></Event><Event EventType="Method" EventSubType="Undefined"><EventTime>0.16</EventTime><EventVolume>0.06502502</EventVolume><EventText>Gradient 0.0 {%B} 0.00 {ml} (Issued) (Processing)</EventText><InstructionFeedback>196609</InstructionFeedback></Event><Event EventType="Method" EventSubType="Undefined"><EventTime>0.1633333</EventTime><EventVolume>0.0659557</EventVolume><EventText>Gradient 0.0 {%B} 0.00 {ml} (Completed)</EventText><InstructionFeedback>262145</InstructionFeedback></Event><Event EventType="Method" EventSubType="Undefined"><EventTime>0.1633333</EventTime><EventVolume>0.0659557</EventVolume><EventText>Injection valve Inject (Issued) (Processing)</EventText><InstructionFeedback>196609</InstructionFeedback></Event><Event EventType="Method" EventSubType="Undefined"><EventTime>0.1766667</EventTime><EventVolume>0.07247257</EventVolume><EventText>Injection valve Inject (Completed)</EventText><InstructionFeedback>262145</InstructionFeedback></Event><Event EventType="Method" EventSubType="Undefined"><EventTime>0.1766667</EventTime><EventVolume>0.07247257</EventVolume><EventText>System flow 0.700 {ml/min} Pre column pressure (Issued) (Processing)</EventText><InstructionFeedback>196609</InstructionFeedback></Event><Event EventType="Method" EventSubType="Undefined"><EventTime>0.1866667</EventTime><EventVolume>0.07949162</EventVolume><EventText>System flow 0.700 {ml/min} Pre column pressure (Completed)</EventText><InstructionFeedback>262145</InstructionFeedback></Event><Event EventType="Method" EventSubType="BlockEnd"><EventTime>8.373333</EventTime><EventVolume>5.061246</EventVolume><EventText>End_Block (Issued) (Processing) (Completed)</EventText><InstructionFeedback>458753</InstructionFeedback></Event><Event EventType="Method" EventSubType="Undefined"><EventTime>8.373333</EventTime><EventVolume>5.061246</EventVolume><EventText>Injection valve Manual load (Issued) (Processing)</EventText><InstructionFeedback>196609</InstructionFeedback></Event><Event EventType="Method" EventSubType="Undefined"><EventTime>8.386666</EventTime><EventVolume>5.069944</EventVolume><EventText>Injection valve Manual load (Completed)</EventText><InstructionFeedback>262145</InstructionFeedback></Event><Event EventType="Method" EventSubType="BlockEnd"><EventTime>8.386666</EventTime><EventVolume>5.069944</EventVolume><EventText>End Phase (Issued) (Processing) (Completed)</EventText><InstructionFeedback>458753</InstructionFeedback></Event><Event EventType="Method" EventSubType="BlockStart"><EventTime>8.386666</EventTime><EventVolume>5.069944</EventVolume><EventText>Phase Reset UV (Issued) (Processing) (Completed)</EventText><InstructionFeedback>458753</InstructionFeedback></Event><Event EventType="Method" EventSubType="Undefined"><EventTime>8.386666</EventTime><EventVolume>5.069944</EventVolume><EventText>Base SameAsMain</EventText><InstructionFeedback>0</InstructionFeedback></Event><Event EventType="Method" EventSubType="Undefined"><EventTime>8.386666</EventTime><EventVolume>5.069944</EventVolume><EventText>Auto zero UV (Issued) (Processing)</EventText><InstructionFeedback>196609</InstructionFeedback></Event><Event EventType="Method" EventSubType="Undefined"><EventTime>8.39</EventTime><EventVolume>5.07227</EventVolume><EventText>Auto zero UV (Completed)</EventText><InstructionFeedback>262145</InstructionFeedback></Event><Event EventType="Method" EventSubType="BlockEnd"><EventTime>8.39</EventTime><EventVolume>5.07227</EventVolume><EventText>End Phase (Issued) (Processing) (Completed)</EventText><InstructionFeedback>458753</InstructionFeedback></Event><Event EventType="Method" EventSubType="BlockStart"><EventTime>8.39</EventTime><EventVolume>5.07227</EventVolume><EventText>Phase Pre-elution dump (Issued) (Processing) (Completed)</EventText><InstructionFeedback>458753</InstructionFeedback></Event><Event EventType="Method" EventSubType="Undefined"><EventTime>8.39</EventTime><EventVolume>5.07227</EventVolume><EventText>Base SameAsMain</EventText><InstructionFeedback>0</InstructionFeedback></Event><Event EventType="Method" EventSubType="Undefined"><EventTime>8.39</EventTime><EventVolume>5.07227</EventVolume><EventText>Inlet A A1 (Issued) (Processing)</EventText><InstructionFeedback>196609</InstructionFeedback></Event><Event EventType="Method" EventSubType="Undefined"><EventTime>8.393333</EventTime><EventVolume>5.074586</EventVolume><EventText>Inlet A A1 (Completed)</EventText><InstructionFeedback>262145</InstructionFeedback></Event><Event EventType="Method" EventSubType="Undefined"><EventTime>8.393333</EventTime><EventVolume>5.074586</EventVolume><EventText>Inlet B B1 (Issued) (Processing)</EventText><InstructionFeedback>196609</InstructionFeedback></Event><Event EventType="Method" EventSubType="Undefined"><EventTime>8.396667</EventTime><EventVolume>5.076913</EventVolume><EventText>Inlet B B1 (Completed)</EventText><InstructionFeedback>262145</InstructionFeedback></Event><Event EventType="Method" EventSubType="Undefined"><EventTime>8.396667</EventTime><EventVolume>5.076913</EventVolume><EventText>Gradient 0.0 {%B} 0.00 {ml} (Issued) (Processing)</EventText><InstructionFeedback>196609</InstructionFeedback></Event><Event EventType="Method" EventSubType="Undefined"><EventTime>8.4</EventTime><EventVolume>5.07923</EventVolume><EventText>Gradient 0.0 {%B} 0.00 {ml} (Completed)</EventText><InstructionFeedback>262145</InstructionFeedback></Event><Event EventType="Method" EventSubType="Undefined"><EventTime>8.4</EventTime><EventVolume>5.07923</EventVolume><EventText>System flow 0.700 {ml/min} Pre column pressure (Issued) (Processing)</EventText><InstructionFeedback>196609</InstructionFeedback></Event><Event EventType="Method" EventSubType="Undefined"><EventTime>8.41</EventTime><EventVolume>5.086198</EventVolume><EventText>System flow 0.700 {ml/min} Pre column pressure (Completed)</EventText><InstructionFeedback>262145</InstructionFeedback></Event><Event EventType="Method" EventSubType="BlockStart"><EventTime>8.41</EventTime><EventVolume>5.086198</EventVolume><EventText>Block Isocratic_1 (Issued) (Processing) (Completed)</EventText><InstructionFeedback>458753</InstructionFeedback></Event><Event EventType="Method" EventSubType="Undefined"><EventTime>8.41</EventTime><EventVolume>5.086198</EventVolume><EventText>Base SameAsMain</EventText><InstructionFeedback>0</InstructionFeedback></Event><Event EventType="Method" EventSubType="BlockEnd"><EventTime>13.17</EventTime><EventVolume>8.081119</EventVolume><EventText>End_Block (Issued) (Processing) (Completed)</EventText><InstructionFeedback>458753</InstructionFeedback></Event><Event EventType="Method" EventSubType="BlockEnd"><EventTime>13.17</EventTime><EventVolume>8.081119</EventVolume><EventText>End Phase (Issued) (Processing) (Completed)</EventText><InstructionFeedback>458753</InstructionFeedback></Event><Event EventType="Method" EventSubType="BlockStart"><EventTime>13.17</EventTime><EventVolume>8.081119</EventVolume><EventText>Phase Elution (Issued) (Processing) (Completed)</EventText><InstructionFeedback>458753</InstructionFeedback></Event><Event EventType="Method" EventSubType="Undefined"><EventTime>13.17</EventTime><EventVolume>8.081119</EventVolume><EventText>Base SameAsMain</EventText><InstructionFeedback>0</InstructionFeedback></Event><Event EventType="Method" EventSubType="Undefined"><EventTime>13.17</EventTime><EventVolume>8.081119</EventVolume><EventText>Inlet A A1 (Issued) (Processing)</EventText><InstructionFeedback>196609</InstructionFeedback></Event><Event EventType="Method" EventSubType="Undefined"><EventTime>13.17333</EventTime><EventVolume>8.083302</EventVolume><EventText>Inlet A A1 (Completed)</EventText><InstructionFeedback>262145</InstructionFeedback></Event><Event EventType="Method" EventSubType="Undefined"><EventTime>13.17333</EventTime><EventVolume>8.083302</EventVolume><EventText>Inlet B B1 (Issued) (Processing)</EventText><InstructionFeedback>196609</InstructionFeedback></Event><Event EventType="Method" EventSubType="Undefined"><EventTime>13.17667</EventTime><EventVolume>8.085528</EventVolume><EventText>Inlet B B1 (Completed)</EventText><InstructionFeedback>262145</InstructionFeedback></Event><Event EventType="Method" EventSubType="Undefined"><EventTime>13.17667</EventTime><EventVolume>8.085528</EventVolume><EventText>Gradient 0.0 {%B} 0.00 {ml} (Issued) (Processing)</EventText><InstructionFeedback>196609</InstructionFeedback></Event><Event EventType="Method" EventSubType="Undefined"><EventTime>13.18</EventTime><EventVolume>8.087634</EventVolume><EventText>Gradient 0.0 {%B} 0.00 {ml} (Completed)</EventText><InstructionFeedback>262145</InstructionFeedback></Event><Event EventType="Method" EventSubType="Undefined"><EventTime>13.18</EventTime><EventVolume>8.087634</EventVolume><EventText>System flow 0.700 {ml/min} Pre column pressure (Issued) (Processing)</EventText><InstructionFeedback>196609</InstructionFeedback></Event><Event EventType="Method" EventSubType="Undefined"><EventTime>13.19</EventTime><EventVolume>8.093985</EventVolume><EventText>System flow 0.700 {ml/min} Pre column pressure (Completed)</EventText><InstructionFeedback>262145</InstructionFeedback></Event><Event EventType="Method" EventSubType="BlockStart"><EventTime>13.19</EventTime><EventVolume>8.093985</EventVolume><EventText>Block Start frac (Elution)_2 (Issued) (Processing) (Completed)</EventText><InstructionFeedback>458753</InstructionFeedback></Event><Event EventType="Method" EventSubType="Undefined"><EventTime>13.19</EventTime><EventVolume>8.093985</EventVolume><EventText>Base SameAsMain</EventText><InstructionFeedback>0</InstructionFeedback></Event><Event EventType="Method" EventSubType="Undefined"><EventTime>13.19</EventTime><EventVolume>8.093985</EventVolume><EventText>Last tube filled Pause (Issued) (Processing)</EventText><InstructionFeedback>196609</InstructionFeedback></Event><Event EventType="Method" EventSubType="Undefined"><EventTime>13.19333</EventTime><EventVolume>8.096103</EventVolume><EventText>Last tube filled Pause (Completed)</EventText><InstructionFeedback>262145</InstructionFeedback></Event><Event EventType="Method" EventSubType="Undefined"><EventTime>13.19333</EventTime><EventVolume>8.096103</EventVolume><EventText>Fractionation Volume 96 deep well plate 0.50 {ml} Next tube (Issued) (Processing)</EventText><InstructionFeedback>196609</InstructionFeedback></Event><Event EventType="Method" EventSubType="Undefined"><EventTime>13.21</EventTime><EventVolume>8.098437</EventVolume><EventText>Fractionation Volume 96 deep well plate 0.50 {ml} Next tube (Completed)</EventText><InstructionFeedback>262145</InstructionFeedback></Event><Event EventType="Method" EventSubType="BlockEnd"><EventTime>13.21</EventTime><EventVolume>8.098437</EventVolume><EventText>End_Block (Issued) (Processing) (Completed)</EventText><InstructionFeedback>458753</InstructionFeedback></Event><Event EventType="Method" EventSubType="BlockStart"><EventTime>13.21</EventTime><EventVolume>8.098437</EventVolume><EventText>Block Isocratic_2 (Issued) (Processing) (Completed)</EventText><InstructionFeedback>458753</InstructionFeedback></Event><Event EventType="Method" EventSubType="Undefined"><EventTime>13.21</EventTime><EventVolume>8.098437</EventVolume><EventText>Base SameAsMain</EventText><InstructionFeedback>0</InstructionFeedback></Event><Event EventType="System" EventSubType="Undefined"><EventTime>30.00167</EventTime><EventVolume>18.61652</EventVolume><EventText>Data collection settings adjusted for curve Analog in 1.</EventText><MarkValue>0</MarkValue><InstructionFeedback>0</InstructionFeedback></Event><Event EventType="System" EventSubType="Undefined"><EventTime>30.00167</EventTime><EventVolume>18.61652</EventVolume><EventText>Data collection settings adjusted for curve Analog in 2.</EventText><MarkValue>0</MarkValue><InstructionFeedback>0</InstructionFeedback></Event><Event EventType="System" EventSubType="Undefined"><EventTime>30.00167</EventTime><EventVolume>18.61652</EventVolume><EventText>Data collection settings adjusted for curve Digital in 1.</EventText><MarkValue>0</MarkValue><InstructionFeedback>0</InstructionFeedback></Event><Event EventType="System" EventSubType="Undefined"><EventTime>30.00167</EventTime><EventVolume>18.61652</EventVolume><EventText>Data collection settings adjusted for curve Digital in 2.</EventText><MarkValue>0</MarkValue><InstructionFeedback>0</InstructionFeedback></Event><Event EventType="System" EventSubType="Undefined"><EventTime>30.00167</EventTime><EventVolume>18.61652</EventVolume><EventText>Data collection settings adjusted for curve Digital in 3.</EventText><MarkValue>0</MarkValue><InstructionFeedback>0</InstructionFeedback></Event><Event EventType="System" EventSubType="Undefined"><EventTime>30.00167</EventTime><EventVolume>18.61652</EventVolume><EventText>Data collection settings adjusted for curve Digital in 4.</EventText><MarkValue>0</MarkValue><InstructionFeedback>0</InstructionFeedback></Event><Event EventType="System" EventSubType="Undefined"><EventTime>30.00167</EventTime><EventVolume>18.61652</EventVolume><EventText>Data collection settings adjusted for curve Digital out_1.</EventText><MarkValue>0</MarkValue><InstructionFeedback>0</InstructionFeedback></Event><Event EventType="System" EventSubType="Undefined"><EventTime>30.00167</EventTime><EventVolume>18.61652</EventVolume><EventText>Data collection settings adjusted for curve Digital out_2.</EventText><MarkValue>0</MarkValue><InstructionFeedback>0</InstructionFeedback></Event><Event EventType="System" EventSubType="Undefined"><EventTime>30.00167</EventTime><EventVolume>18.61652</EventVolume><EventText>Data collection settings adjusted for curve Digital out_3.</EventText><MarkValue>0</MarkValue><InstructionFeedback>0</InstructionFeedback></Event><Event EventType="System" EventSubType="Undefined"><EventTime>30.00167</EventTime><EventVolume>18.61652</EventVolume><EventText>Data collection settings adjusted for curve Digital out_4.</EventText><MarkValue>0</MarkValue><InstructionFeedback>0</InstructionFeedback></Event><Event EventType="Method" EventSubType="BlockEnd"><EventTime>32.04333</EventTime><EventVolume>19.89182</EventVolume><EventText>End_Block (Issued) (Processing) (Completed)</EventText><InstructionFeedback>458753</InstructionFeedback></Event><Event EventType="Method" EventSubType="BlockStart"><EventTime>32.04333</EventTime><EventVolume>19.89182</EventVolume><EventText>Block Stop frac (Elution)_2 (Issued) (Processing) (Completed)</EventText><InstructionFeedback>458753</InstructionFeedback></Event><Event EventType="Method" EventSubType="Undefined"><EventTime>32.04333</EventTime><EventVolume>19.89182</EventVolume><EventText>Base SameAsMain</EventText><InstructionFeedback>0</InstructionFeedback></Event><Event EventType="Method" EventSubType="Undefined"><EventTime>32.04333</EventTime><EventVolume>19.89182</EventVolume><EventText>Stop fractionation (Issued) (Processing)</EventText><InstructionFeedback>196609</InstructionFeedback></Event><Event EventType="Method" EventSubType="Undefined"><EventTime>32.04667</EventTime><EventVolume>19.89393</EventVolume><EventText>Stop fractionation (Completed)</EventText><InstructionFeedback>262145</InstructionFeedback></Event><Event EventType="Method" EventSubType="BlockEnd"><EventTime>32.04667</EventTime><EventVolume>19.89393</EventVolume><EventText>End_Block (Issued) (Processing) (Completed)</EventText><InstructionFeedback>458753</InstructionFeedback></Event><Event EventType="Method" EventSubType="BlockEnd"><EventTime>32.04667</EventTime><EventVolume>19.89393</EventVolume><EventText>End Phase (Issued) (Processing) (Completed)</EventText><InstructionFeedback>458753</InstructionFeedback></Event><Event EventType="Method" EventSubType="BlockStart"><EventTime>32.04667</EventTime><EventVolume>19.89393</EventVolume><EventText>Phase Post-elution dump (Issued) (Processing) (Completed)</EventText><InstructionFeedback>458753</InstructionFeedback></Event><Event EventType="Method" EventSubType="Undefined"><EventTime>32.04667</EventTime><EventVolume>19.89393</EventVolume><EventText>Base SameAsMain</EventText><InstructionFeedback>0</InstructionFeedback></Event><Event EventType="Method" EventSubType="Undefined"><EventTime>32.04667</EventTime><EventVolume>19.89393</EventVolume><EventText>Inlet A A1 (Issued) (Processing)</EventText><InstructionFeedback>196609</InstructionFeedback></Event><Event EventType="Method" EventSubType="Undefined"><EventTime>32.05</EventTime><EventVolume>19.89604</EventVolume><EventText>Inlet A A1 (Completed)</EventText><InstructionFeedback>262145</InstructionFeedback></Event><Event EventType="Method" EventSubType="Undefined"><EventTime>32.05</EventTime><EventVolume>19.89604</EventVolume><EventText>Inlet B B1 (Issued) (Processing)</EventText><InstructionFeedback>196609</InstructionFeedback></Event><Event EventType="Method" EventSubType="Undefined"><EventTime>32.05333</EventTime><EventVolume>19.89813</EventVolume><EventText>Inlet B B1 (Completed)</EventText><InstructionFeedback>262145</InstructionFeedback></Event><Event EventType="Method" EventSubType="Undefined"><EventTime>32.05333</EventTime><EventVolume>19.89813</EventVolume><EventText>Gradient 0.0 {%B} 0.00 {ml} (Issued) (Processing)</EventText><InstructionFeedback>196609</InstructionFeedback></Event><Event EventType="Method" EventSubType="Undefined"><EventTime>32.05667</EventTime><EventVolume>19.90022</EventVolume><EventText>Gradient 0.0 {%B} 0.00 {ml} (Completed)</EventText><InstructionFeedback>262145</InstructionFeedback></Event><Event EventType="Method" EventSubType="Undefined"><EventTime>32.05667</EventTime><EventVolume>19.90022</EventVolume><EventText>System flow 0.700 {ml/min} Pre column pressure (Issued) (Processing)</EventText><InstructionFeedback>196609</InstructionFeedback></Event><Event EventType="Method" EventSubType="Undefined"><EventTime>32.06667</EventTime><EventVolume>19.9064</EventVolume><EventText>System flow 0.700 {ml/min} Pre column pressure (Completed)</EventText><InstructionFeedback>262145</InstructionFeedback></Event><Event EventType="Method" EventSubType="BlockStart"><EventTime>32.06667</EventTime><EventVolume>19.9064</EventVolume><EventText>Block Isocratic (Issued) (Processing) (Completed)</EventText><InstructionFeedback>458753</InstructionFeedback></Event><Event EventType="Method" EventSubType="Undefined"><EventTime>32.06667</EventTime><EventVolume>19.9064</EventVolume><EventText>Base SameAsMain</EventText><InstructionFeedback>0</InstructionFeedback></Event><Event EventType="Alert" EventSubType="Error"><EventTime>32.75667</EventTime><EventVolume>20.33625</EventVolume><EventText>(Warning) Hardware Manager:  Fraction collector Arm (F9-A): (70): The fraction collector dispenser head failed to detect the flow properly and has switched to tube change with reduced accumulator functionality. Check the flow path for air and clean the Drop sync sensor. Please refer to the user documentation. (24576, 176, 10)  ; Warning code {ModuleID:259 InterfaceID:620 EventID:110} - Occurred at time 3/14/2024 6:30:28 PM -07:00</EventText><InstructionFeedback>0</InstructionFeedback></Event><Event EventType="Method" EventSubType="BlockEnd"><EventTime>48.14167</EventTime><EventVolume>29.90118</EventVolume><EventText>End_Block (Issued) (Processing) (Completed)</EventText><InstructionFeedback>458753</InstructionFeedback></Event><Event EventType="Method" EventSubType="BlockEnd"><EventTime>48.14167</EventTime><EventVolume>29.90118</EventVolume><EventText>End Phase (Issued) (Processing) (Completed)</EventText><InstructionFeedback>458753</InstructionFeedback></Event><Event EventType="Method" EventSubType="Undefined"><EventTime>48.14167</EventTime><EventVolume>29.90118</EventVolume><EventText>End 3/14/2024 6:45:51 PM -07:00 (Issued) (Processing)</EventText><InstructionFeedback>196609</InstructionFeedback></Event><Event EventType="Method" EventSubType="BlockEnd"><EventTime>48.14167</EventTime><EventVolume>29.90118</EventVolume><EventText>End 3/14/2024 6:45:58 PM -07:00 (Completed)</EventText><InstructionFeedback>262145</InstructionFeedback></Event></Events></EventCurve></EventCurves><PoolTables /><PeakTables /></Chromatogram>