<AuditTrails xmlns:xsi="http://www.w3.org/2001/XMLSchema-instance" FormatVersion="2" UNICORNVersion="7.3.0.498"><AuditTrail><AuditTrailType>Evaluation</AuditTrailType><Created>2025-08-13T12:23:39.47</Created><CreatedBy>System</CreatedBy><CreatedUtcOffsetMinutes>-420</CreatedUtcOffsetMinutes><AuditTrailEntries><AuditTrailEntry><LogTime>2025-08-13T12:23:39.47</LogTime><LogTimeUtcOffsetMinutes>-420</LogTimeUtcOffsetMinutes><AuditTrailEntryType>Evaluation</AuditTrailEntryType><GroupName>EvaluationLoggingStarted</GroupName><Operator>System</Operator><LogEntry>Logging started. User: System. UNICORN 7.3.0.498.</LogEntry><HasDetails>false</HasDetails></AuditTrailEntry></AuditTrailEntries></AuditTrail></AuditTrails>