<ExportManifest xmlns:xsi="http://www.w3.org/2001/XMLSchema-instance" FormatVersion="1" CRCCode="FFFFFFFFA04CF001"><Details><FileName>Result.xml</FileName><CRCCode>FFFFFFFFF8D21F65</CRCCode><FileType>Result</FileType></Details><Details><FileName>ColumnTypeData</FileName><CRCCode>FFFFFFFFE60C1EFA</CRCCode><FileType>ResultAuditTrail</FileType></Details><Details><FileName>NextBufferPrepData</FileName><CRCCode>26C60E72</CRCCode><FileType>ResultAuditTrail</FileType></Details><Details><FileName>ColumnIndividualData</FileName><CRCCode>FFFFFFFFA25282E2</CRCCode><FileType>ResultAuditTrail</FileType></Details><Details><FileName>EvaluationProcedureData</FileName><CRCCode>A78D673</CRCCode><FileType>ResultAuditTrail</FileType></Details><Details><FileName>MethodData</FileName><CRCCode>FFFFFFFFCB58433E</CRCCode><FileType>ResultAuditTrail</FileType></Details><Details><FileName>MethodDocumentationData</FileName><CRCCode>FFFFFFFFF0E9F4FE</CRCCode><FileType>ResultAuditTrail</FileType></Details><Details><FileName>ReportFormatData</FileName><CRCCode>FFFFFFFFA25282E2</CRCCode><FileType>ResultAuditTrail</FileType></Details><Details><FileName>SystemData</FileName><CRCCode>1A134695</CRCCode><FileType>ResultAuditTrail</FileType></Details><Details><FileName>SystemSettingData</FileName><CRCCode>76F73DC1</CRCCode><FileType>ResultAuditTrail</FileType></Details><Details><FileName>StrategyData</FileName><CRCCode>FFFFFFFF8C5BEEE4</CRCCode><FileType>ResultAuditTrail</FileType></Details><Details><FileName>VersionInformationData</FileName><CRCCode>FFFFFFFFA25282E2</CRCCode><FileType>ResultAuditTrail</FileType></Details><Details><FileName>CalibrationSettingData</FileName><CRCCode>FFFFFFFFE80D7F74</CRCCode><FileType>ResultAuditTrail</FileType></Details><Details><FileName>NextFracData</FileName><CRCCode>FFFFFFFFC9FB0B35</CRCCode><FileType>ResultAuditTrail</FileType></Details><Details><FileName>InstrumentConfigurationData</FileName><CRCCode>FFFFFFFF8BF1DB7F</CRCCode><FileType>ResultAuditTrail</FileType></Details><Details><FileName>Chrom.1.Xml</FileName><CRCCode>7678C16F</CRCCode><FileType>Chromatogram</FileType></Details><Details><FileName>Chrom.1_1_True</FileName><CRCCode>FFFFFFFFB2CA64EE</CRCCode><FileType>DataCurve</FileType></Details><Details><FileName>Chrom.1_2_True</FileName><CRCCode>9C004C</CRCCode><FileType>DataCurve</FileType></Details><Details><FileName>Chrom.1_3_True</FileName><CRCCode>2E86F901</CRCCode><FileType>DataCurve</FileType></Details><Details><FileName>Chrom.1_4_True</FileName><CRCCode>457C17C2</CRCCode><FileType>DataCurve</FileType></Details><Details><FileName>Chrom.1_5_True</FileName><CRCCode>23A26145</CRCCode><FileType>DataCurve</FileType></Details><Details><FileName>Chrom.1_6_True</FileName><CRCCode>FFFFFFFF9C88CA21</CRCCode><FileType>DataCurve</FileType></Details><Details><FileName>Chrom.1_7_True</FileName><CRCCode>52D68C58</CRCCode><FileType>DataCurve</FileType></Details><Details><FileName>Chrom.1_8_True</FileName><CRCCode>3081C5C4</CRCCode><FileType>DataCurve</FileType></Details><Details><FileName>Chrom.1_9_True</FileName><CRCCode>1D0B14E0</CRCCode><FileType>DataCurve</FileType></Details><Details><FileName>Chrom.1_10_True</FileName><CRCCode>FFFFFFFF9BAA285A</CRCCode><FileType>DataCurve</FileType></Details><Details><FileName>Chrom.1_13_True</FileName><CRCCode>FFFFFFFFB6E1F721</CRCCode><FileType>DataCurve</FileType></Details><Details><FileName>Chrom.1_14_True</FileName><CRCCode>FFFFFFFFB6E1F721</CRCCode><FileType>DataCurve</FileType></Details><Details><FileName>Chrom.1_15_True</FileName><CRCCode>FFFFFFFF88EA3E4E</CRCCode><FileType>DataCurve</FileType></Details><Details><FileName>Chrom.1_20_True</FileName><CRCCode>FFFFFFFF942CA553</CRCCode><FileType>DataCurve</FileType></Details><Details><FileName>Chrom.1_21_True</FileName><CRCCode>FFFFFFFFBE1D954F</CRCCode><FileType>DataCurve</FileType></Details><Details><FileName>Chrom.1_23_True</FileName><CRCCode>FFFFFFFFD0DCF930</CRCCode><FileType>DataCurve</FileType></Details><Details><FileName>Chrom.1_34_True</FileName><CRCCode>FFFFFFFFE16C4DC8</CRCCode><FileType>DataCurve</FileType></Details><Details><FileName>Chrom.1_35_True</FileName><CRCCode>6AD0FA10</CRCCode><FileType>DataCurve</FileType></Details><Details><FileName>Chrom.1_38_True</FileName><CRCCode>FFFFFFFF8C3923EB</CRCCode><FileType>DataCurve</FileType></Details><Details><FileName>Chrom.1_41_True</FileName><CRCCode>FFFFFFFFE144B405</CRCCode><FileType>DataCurve</FileType></Details><Details><FileName>Chrom.1_42_True</FileName><CRCCode>FFFFFFFFDB7A0EC6</CRCCode><FileType>DataCurve</FileType></Details><Details><FileName>Chrom.1_43_True</FileName><CRCCode>FFFFFFFFDB7A0EC6</CRCCode><FileType>DataCurve</FileType></Details><Details><FileName>Chrom.1_44_True</FileName><CRCCode>FFFFFFFFDB7A0EC6</CRCCode><FileType>DataCurve</FileType></Details><Details><FileName>Chrom.1_49_True</FileName><CRCCode>FFFFFFFFBA03E037</CRCCode><FileType>DataCurve</FileType></Details><Details><FileName>Chrom.1_50_True</FileName><CRCCode>11F2AC7D</CRCCode><FileType>DataCurve</FileType></Details><Details><FileName>Chrom.1_51_True</FileName><CRCCode>FFFFFFFFDB7A0EC6</CRCCode><FileType>DataCurve</FileType></Details><Details><FileName>Chrom.1_52_True</FileName><CRCCode>FFFFFFFFDB7A0EC6</CRCCode><FileType>DataCurve</FileType></Details><Details><FileName>Chrom.1_89_True</FileName><CRCCode>FFFFFFFFB6E1F721</CRCCode><FileType>DataCurve</FileType></Details><Details><FileName>Chrom.1_90_True</FileName><CRCCode>FFFFFFFF88D59098</CRCCode><FileType>DataCurve</FileType></Details><Details><FileName>EvaluationLog.xml</FileName><CRCCode>2CE5B548</CRCCode><FileType>AuditTrail</FileType></Details></ExportManifest>