<Chromatogram xmlns:xsi="http://www.w3.org/2001/XMLSchema-instance" FormatVersion="9" UNICORNVersion="7.3.0.498"><ChromatogramName>Chrom.1</ChromatogramName><IsReadonly>false</IsReadonly><ChromatogramLayoutXml></ChromatogramLayoutXml><TimeUnit>min</TimeUnit><VolumeUnit>ml</VolumeUnit><Created>2025-08-13T13:43:46.448</Created><CreatedUtcOffsetMinutes>-420</CreatedUtcOffsetMinutes><VisualAppearance>&lt;?xml version="1.0" encoding="utf-16"?&gt;&lt;VisualAppearanceSettings FormatVersion="0.1"&gt;&lt;MirroredCurves /&gt;&lt;CurvesWithOffset /&gt;&lt;/VisualAppearanceSettings&gt;</VisualAppearance><ChromatogramID>378801</ChromatogramID><Curves><Curve CurveDataType="UV"><Name>UV 1_280</Name><IsoChroneType>Time</IsoChroneType><InjectionEventCurve><CurveNumber>12</CurveNumber></InjectionEventCurve><IsExternal>false</IsExternal><ScanInterval>0</ScanInterval><DistanceBetweenPoints>0.001666667</DistanceBetweenPoints><DistanceToStartPoint>0.001666667</DistanceToStartPoint><TimeUnit>min</TimeUnit><MethodStartTime>2025-08-13T13:43:46.626</MethodStartTime><MethodStartTimeUtcOffsetMinutes>-420</MethodStartTimeUtcOffsetMinutes><ChromatogramStartTime>2025-08-13T13:43:46.626</ChromatogramStartTime><ChromatogramStartTimeUtcOffsetMinutes>-420</ChromatogramStartTimeUtcOffsetMinutes><VolumeUnit>ml</VolumeUnit><AmplitudePrecision>3</AmplitudePrecision><AmplitudeUnit>mAU</AmplitudeUnit><IsOriginalData>true</IsOriginalData><IsReadOnly>false</IsReadOnly><CompressionDesc></CompressionDesc><CurveNumber>1</CurveNumber><ColumnVolume>23.562</ColumnVolume><ColumnVolumeUnitName>ml</ColumnVolumeUnitName><CurvePoints><CurvePoint><IsFullResolution>true</IsFullResolution><BinaryCurvePointsFileName>Chrom.1_1_True</BinaryCurvePointsFileName></CurvePoint></CurvePoints><GuidePoints /><CurveUVInfo><IsUVValuesNormalizedToNominalUVPathLength>true</IsUVValuesNormalizedToNominalUVPathLength><UVPathLength>2.009998</UVPathLength><NominalUVPathLength>2</NominalUVPathLength><IsSystemProvided>true</IsSystemProvided></CurveUVInfo></Curve><Curve CurveDataType="UV"><Name>UV 2_260</Name><IsoChroneType>Time</IsoChroneType><InjectionEventCurve><CurveNumber>12</CurveNumber></InjectionEventCurve><IsExternal>false</IsExternal><ScanInterval>0</ScanInterval><DistanceBetweenPoints>0.008333334</DistanceBetweenPoints><DistanceToStartPoint>0.005</DistanceToStartPoint><TimeUnit>min</TimeUnit><MethodStartTime>2025-08-13T13:43:46.626</MethodStartTime><MethodStartTimeUtcOffsetMinutes>-420</MethodStartTimeUtcOffsetMinutes><ChromatogramStartTime>2025-08-13T13:43:46.626</ChromatogramStartTime><ChromatogramStartTimeUtcOffsetMinutes>-420</ChromatogramStartTimeUtcOffsetMinutes><VolumeUnit>ml</VolumeUnit><AmplitudePrecision>3</AmplitudePrecision><AmplitudeUnit>mAU</AmplitudeUnit><IsOriginalData>true</IsOriginalData><IsReadOnly>false</IsReadOnly><CompressionDesc></CompressionDesc><CurveNumber>2</CurveNumber><ColumnVolume>23.562</ColumnVolume><ColumnVolumeUnitName>ml</ColumnVolumeUnitName><CurvePoints><CurvePoint><IsFullResolution>true</IsFullResolution><BinaryCurvePointsFileName>Chrom.1_2_True</BinaryCurvePointsFileName></CurvePoint></CurvePoints><GuidePoints /><CurveUVInfo><IsUVValuesNormalizedToNominalUVPathLength>true</IsUVValuesNormalizedToNominalUVPathLength><UVPathLength>2.009998</UVPathLength><NominalUVPathLength>2</NominalUVPathLength><IsSystemProvided>true</IsSystemProvided></CurveUVInfo></Curve><Curve CurveDataType="UV"><Name>UV 3_230</Name><IsoChroneType>Time</IsoChroneType><InjectionEventCurve><CurveNumber>12</CurveNumber></InjectionEventCurve><IsExternal>false</IsExternal><ScanInterval>0</ScanInterval><DistanceBetweenPoints>0.008333334</DistanceBetweenPoints><DistanceToStartPoint>0.005</DistanceToStartPoint><TimeUnit>min</TimeUnit><MethodStartTime>2025-08-13T13:43:46.626</MethodStartTime><MethodStartTimeUtcOffsetMinutes>-420</MethodStartTimeUtcOffsetMinutes><ChromatogramStartTime>2025-08-13T13:43:46.626</ChromatogramStartTime><ChromatogramStartTimeUtcOffsetMinutes>-420</ChromatogramStartTimeUtcOffsetMinutes><VolumeUnit>ml</VolumeUnit><AmplitudePrecision>3</AmplitudePrecision><AmplitudeUnit>mAU</AmplitudeUnit><IsOriginalData>true</IsOriginalData><IsReadOnly>false</IsReadOnly><CompressionDesc></CompressionDesc><CurveNumber>3</CurveNumber><ColumnVolume>23.562</ColumnVolume><ColumnVolumeUnitName>ml</ColumnVolumeUnitName><CurvePoints><CurvePoint><IsFullResolution>true</IsFullResolution><BinaryCurvePointsFileName>Chrom.1_3_True</BinaryCurvePointsFileName></CurvePoint></CurvePoints><GuidePoints /><CurveUVInfo><IsUVValuesNormalizedToNominalUVPathLength>true</IsUVValuesNormalizedToNominalUVPathLength><UVPathLength>2.009998</UVPathLength><NominalUVPathLength>2</NominalUVPathLength><IsSystemProvided>true</IsSystemProvided></CurveUVInfo></Curve><Curve CurveDataType="Conduction"><Name>Cond</Name><IsoChroneType>Time</IsoChroneType><InjectionEventCurve><CurveNumber>12</CurveNumber></InjectionEventCurve><IsExternal>false</IsExternal><ScanInterval>0</ScanInterval><DistanceBetweenPoints>0.003333333</DistanceBetweenPoints><DistanceToStartPoint>0.003333333</DistanceToStartPoint><TimeUnit>min</TimeUnit><MethodStartTime>2025-08-13T13:43:46.626</MethodStartTime><MethodStartTimeUtcOffsetMinutes>-420</MethodStartTimeUtcOffsetMinutes><ChromatogramStartTime>2025-08-13T13:43:46.626</ChromatogramStartTime><ChromatogramStartTimeUtcOffsetMinutes>-420</ChromatogramStartTimeUtcOffsetMinutes><VolumeUnit>ml</VolumeUnit><AmplitudePrecision>2</AmplitudePrecision><AmplitudeUnit>mS/cm</AmplitudeUnit><IsOriginalData>true</IsOriginalData><IsReadOnly>false</IsReadOnly><CompressionDesc></CompressionDesc><CurveNumber>4</CurveNumber><ColumnVolume>23.562</ColumnVolume><ColumnVolumeUnitName>ml</ColumnVolumeUnitName><CurvePoints><CurvePoint><IsFullResolution>true</IsFullResolution><BinaryCurvePointsFileName>Chrom.1_4_True</BinaryCurvePointsFileName></CurvePoint></CurvePoints><GuidePoints /></Curve><Curve CurveDataType="Conduction"><Name>% Cond</Name><IsoChroneType>Time</IsoChroneType><InjectionEventCurve><CurveNumber>12</CurveNumber></InjectionEventCurve><IsExternal>false</IsExternal><ScanInterval>0</ScanInterval><DistanceBetweenPoints>0.01666667</DistanceBetweenPoints><DistanceToStartPoint>0.008333334</DistanceToStartPoint><TimeUnit>min</TimeUnit><MethodStartTime>2025-08-13T13:43:46.626</MethodStartTime><MethodStartTimeUtcOffsetMinutes>-420</MethodStartTimeUtcOffsetMinutes><ChromatogramStartTime>2025-08-13T13:43:46.626</ChromatogramStartTime><ChromatogramStartTimeUtcOffsetMinutes>-420</ChromatogramStartTimeUtcOffsetMinutes><VolumeUnit>ml</VolumeUnit><AmplitudePrecision>1</AmplitudePrecision><AmplitudeUnit>%</AmplitudeUnit><IsOriginalData>true</IsOriginalData><IsReadOnly>false</IsReadOnly><CompressionDesc></CompressionDesc><CurveNumber>5</CurveNumber><ColumnVolume>23.562</ColumnVolume><ColumnVolumeUnitName>ml</ColumnVolumeUnitName><CurvePoints><CurvePoint><IsFullResolution>true</IsFullResolution><BinaryCurvePointsFileName>Chrom.1_5_True</BinaryCurvePointsFileName></CurvePoint></CurvePoints><GuidePoints /></Curve><Curve CurveDataType="Other"><Name>Conc B</Name><IsoChroneType>Time</IsoChroneType><InjectionEventCurve><CurveNumber>12</CurveNumber></InjectionEventCurve><IsExternal>false</IsExternal><ScanInterval>0</ScanInterval><DistanceBetweenPoints>0.01666667</DistanceBetweenPoints><DistanceToStartPoint>0.008333334</DistanceToStartPoint><TimeUnit>min</TimeUnit><MethodStartTime>2025-08-13T13:43:46.626</MethodStartTime><MethodStartTimeUtcOffsetMinutes>-420</MethodStartTimeUtcOffsetMinutes><ChromatogramStartTime>2025-08-13T13:43:46.626</ChromatogramStartTime><ChromatogramStartTimeUtcOffsetMinutes>-420</ChromatogramStartTimeUtcOffsetMinutes><VolumeUnit>ml</VolumeUnit><AmplitudePrecision>1</AmplitudePrecision><AmplitudeUnit>%</AmplitudeUnit><IsOriginalData>true</IsOriginalData><IsReadOnly>false</IsReadOnly><CompressionDesc></CompressionDesc><CurveNumber>6</CurveNumber><ColumnVolume>23.562</ColumnVolume><ColumnVolumeUnitName>ml</ColumnVolumeUnitName><CurvePoints><CurvePoint><IsFullResolution>true</IsFullResolution><BinaryCurvePointsFileName>Chrom.1_6_True</BinaryCurvePointsFileName></CurvePoint></CurvePoints><GuidePoints /></Curve><Curve CurveDataType="Other"><Name>System flow</Name><IsoChroneType>Time</IsoChroneType><InjectionEventCurve><CurveNumber>12</CurveNumber></InjectionEventCurve><IsExternal>false</IsExternal><ScanInterval>0</ScanInterval><DistanceBetweenPoints>0.01666667</DistanceBetweenPoints><DistanceToStartPoint>0.008333334</DistanceToStartPoint><TimeUnit>min</TimeUnit><MethodStartTime>2025-08-13T13:43:46.626</MethodStartTime><MethodStartTimeUtcOffsetMinutes>-420</MethodStartTimeUtcOffsetMinutes><ChromatogramStartTime>2025-08-13T13:43:46.626</ChromatogramStartTime><ChromatogramStartTimeUtcOffsetMinutes>-420</ChromatogramStartTimeUtcOffsetMinutes><VolumeUnit>ml</VolumeUnit><AmplitudePrecision>3</AmplitudePrecision><AmplitudeUnit>ml/min</AmplitudeUnit><IsOriginalData>true</IsOriginalData><IsReadOnly>false</IsReadOnly><CompressionDesc></CompressionDesc><CurveNumber>7</CurveNumber><ColumnVolume>23.562</ColumnVolume><ColumnVolumeUnitName>ml</ColumnVolumeUnitName><CurvePoints><CurvePoint><IsFullResolution>true</IsFullResolution><BinaryCurvePointsFileName>Chrom.1_7_True</BinaryCurvePointsFileName></CurvePoint></CurvePoints><GuidePoints /></Curve><Curve CurveDataType="Other"><Name>System linear flow</Name><IsoChroneType>Time</IsoChroneType><InjectionEventCurve><CurveNumber>12</CurveNumber></InjectionEventCurve><IsExternal>false</IsExternal><ScanInterval>0</ScanInterval><DistanceBetweenPoints>0.01666667</DistanceBetweenPoints><DistanceToStartPoint>0.01</DistanceToStartPoint><TimeUnit>min</TimeUnit><MethodStartTime>2025-08-13T13:43:46.626</MethodStartTime><MethodStartTimeUtcOffsetMinutes>-420</MethodStartTimeUtcOffsetMinutes><ChromatogramStartTime>2025-08-13T13:43:46.626</ChromatogramStartTime><ChromatogramStartTimeUtcOffsetMinutes>-420</ChromatogramStartTimeUtcOffsetMinutes><VolumeUnit>ml</VolumeUnit><AmplitudePrecision>1</AmplitudePrecision><AmplitudeUnit>cm/h</AmplitudeUnit><IsOriginalData>true</IsOriginalData><IsReadOnly>false</IsReadOnly><CompressionDesc></CompressionDesc><CurveNumber>8</CurveNumber><ColumnVolume>23.562</ColumnVolume><ColumnVolumeUnitName>ml</ColumnVolumeUnitName><CurvePoints><CurvePoint><IsFullResolution>true</IsFullResolution><BinaryCurvePointsFileName>Chrom.1_8_True</BinaryCurvePointsFileName></CurvePoint></CurvePoints><GuidePoints /></Curve><Curve CurveDataType="Pressure"><Name>PreC pressure</Name><IsoChroneType>Time</IsoChroneType><InjectionEventCurve><CurveNumber>12</CurveNumber></InjectionEventCurve><IsExternal>false</IsExternal><ScanInterval>0</ScanInterval><DistanceBetweenPoints>0.01666667</DistanceBetweenPoints><DistanceToStartPoint>0.006666667</DistanceToStartPoint><TimeUnit>min</TimeUnit><MethodStartTime>2025-08-13T13:43:46.626</MethodStartTime><MethodStartTimeUtcOffsetMinutes>-420</MethodStartTimeUtcOffsetMinutes><ChromatogramStartTime>2025-08-13T13:43:46.626</ChromatogramStartTime><ChromatogramStartTimeUtcOffsetMinutes>-420</ChromatogramStartTimeUtcOffsetMinutes><VolumeUnit>ml</VolumeUnit><AmplitudePrecision>3</AmplitudePrecision><AmplitudeUnit>MPa</AmplitudeUnit><IsOriginalData>true</IsOriginalData><IsReadOnly>false</IsReadOnly><CompressionDesc></CompressionDesc><CurveNumber>9</CurveNumber><ColumnVolume>23.562</ColumnVolume><ColumnVolumeUnitName>ml</ColumnVolumeUnitName><CurvePoints><CurvePoint><IsFullResolution>true</IsFullResolution><BinaryCurvePointsFileName>Chrom.1_9_True</BinaryCurvePointsFileName></CurvePoint></CurvePoints><GuidePoints /></Curve><Curve CurveDataType="Pressure"><Name>DeltaC pressure</Name><IsoChroneType>Time</IsoChroneType><InjectionEventCurve><CurveNumber>12</CurveNumber></InjectionEventCurve><IsExternal>false</IsExternal><ScanInterval>0</ScanInterval><DistanceBetweenPoints>0.01666667</DistanceBetweenPoints><DistanceToStartPoint>0.005</DistanceToStartPoint><TimeUnit>min</TimeUnit><MethodStartTime>2025-08-13T13:43:46.626</MethodStartTime><MethodStartTimeUtcOffsetMinutes>-420</MethodStartTimeUtcOffsetMinutes><ChromatogramStartTime>2025-08-13T13:43:46.626</ChromatogramStartTime><ChromatogramStartTimeUtcOffsetMinutes>-420</ChromatogramStartTimeUtcOffsetMinutes><VolumeUnit>ml</VolumeUnit><AmplitudePrecision>3</AmplitudePrecision><AmplitudeUnit>MPa</AmplitudeUnit><IsOriginalData>true</IsOriginalData><IsReadOnly>false</IsReadOnly><CompressionDesc></CompressionDesc><CurveNumber>10</CurveNumber><ColumnVolume>23.562</ColumnVolume><ColumnVolumeUnitName>ml</ColumnVolumeUnitName><CurvePoints><CurvePoint><IsFullResolution>true</IsFullResolution><BinaryCurvePointsFileName>Chrom.1_10_True</BinaryCurvePointsFileName></CurvePoint></CurvePoints><GuidePoints /></Curve><Curve CurveDataType="Other"><Name>Sample flow</Name><IsoChroneType>Time</IsoChroneType><InjectionEventCurve><CurveNumber>12</CurveNumber></InjectionEventCurve><IsExternal>false</IsExternal><ScanInterval>0</ScanInterval><DistanceBetweenPoints>0.01666667</DistanceBetweenPoints><DistanceToStartPoint>0.01</DistanceToStartPoint><TimeUnit>min</TimeUnit><MethodStartTime>2025-08-13T13:43:46.626</MethodStartTime><MethodStartTimeUtcOffsetMinutes>-420</MethodStartTimeUtcOffsetMinutes><ChromatogramStartTime>2025-08-13T13:43:46.626</ChromatogramStartTime><ChromatogramStartTimeUtcOffsetMinutes>-420</ChromatogramStartTimeUtcOffsetMinutes><VolumeUnit>ml</VolumeUnit><AmplitudePrecision>3</AmplitudePrecision><AmplitudeUnit>ml/min</AmplitudeUnit><IsOriginalData>true</IsOriginalData><IsReadOnly>false</IsReadOnly><CompressionDesc></CompressionDesc><CurveNumber>13</CurveNumber><ColumnVolume>23.562</ColumnVolume><ColumnVolumeUnitName>ml</ColumnVolumeUnitName><CurvePoints><CurvePoint><IsFullResolution>true</IsFullResolution><BinaryCurvePointsFileName>Chrom.1_13_True</BinaryCurvePointsFileName></CurvePoint></CurvePoints><GuidePoints /></Curve><Curve CurveDataType="Other"><Name>Sample linear flow</Name><IsoChroneType>Time</IsoChroneType><InjectionEventCurve><CurveNumber>12</CurveNumber></InjectionEventCurve><IsExternal>false</IsExternal><ScanInterval>0</ScanInterval><DistanceBetweenPoints>0.01666667</DistanceBetweenPoints><DistanceToStartPoint>0.01</DistanceToStartPoint><TimeUnit>min</TimeUnit><MethodStartTime>2025-08-13T13:43:46.626</MethodStartTime><MethodStartTimeUtcOffsetMinutes>-420</MethodStartTimeUtcOffsetMinutes><ChromatogramStartTime>2025-08-13T13:43:46.626</ChromatogramStartTime><ChromatogramStartTimeUtcOffsetMinutes>-420</ChromatogramStartTimeUtcOffsetMinutes><VolumeUnit>ml</VolumeUnit><AmplitudePrecision>2</AmplitudePrecision><AmplitudeUnit>cm/h</AmplitudeUnit><IsOriginalData>true</IsOriginalData><IsReadOnly>false</IsReadOnly><CompressionDesc></CompressionDesc><CurveNumber>14</CurveNumber><ColumnVolume>23.562</ColumnVolume><ColumnVolumeUnitName>ml</ColumnVolumeUnitName><CurvePoints><CurvePoint><IsFullResolution>true</IsFullResolution><BinaryCurvePointsFileName>Chrom.1_14_True</BinaryCurvePointsFileName></CurvePoint></CurvePoints><GuidePoints /></Curve><Curve CurveDataType="Pressure"><Name>Sample pressure</Name><IsoChroneType>Time</IsoChroneType><InjectionEventCurve><CurveNumber>12</CurveNumber></InjectionEventCurve><IsExternal>false</IsExternal><ScanInterval>0</ScanInterval><DistanceBetweenPoints>0.01666667</DistanceBetweenPoints><DistanceToStartPoint>0.003333333</DistanceToStartPoint><TimeUnit>min</TimeUnit><MethodStartTime>2025-08-13T13:43:46.626</MethodStartTime><MethodStartTimeUtcOffsetMinutes>-420</MethodStartTimeUtcOffsetMinutes><ChromatogramStartTime>2025-08-13T13:43:46.626</ChromatogramStartTime><ChromatogramStartTimeUtcOffsetMinutes>-420</ChromatogramStartTimeUtcOffsetMinutes><VolumeUnit>ml</VolumeUnit><AmplitudePrecision>3</AmplitudePrecision><AmplitudeUnit>MPa</AmplitudeUnit><IsOriginalData>true</IsOriginalData><IsReadOnly>false</IsReadOnly><CompressionDesc></CompressionDesc><CurveNumber>15</CurveNumber><ColumnVolume>23.562</ColumnVolume><ColumnVolumeUnitName>ml</ColumnVolumeUnitName><CurvePoints><CurvePoint><IsFullResolution>true</IsFullResolution><BinaryCurvePointsFileName>Chrom.1_15_True</BinaryCurvePointsFileName></CurvePoint></CurvePoints><GuidePoints /></Curve><Curve CurveDataType="Pressure"><Name>System pressure</Name><IsoChroneType>Time</IsoChroneType><InjectionEventCurve><CurveNumber>12</CurveNumber></InjectionEventCurve><IsExternal>false</IsExternal><ScanInterval>0</ScanInterval><DistanceBetweenPoints>0.001666667</DistanceBetweenPoints><DistanceToStartPoint>0.001666667</DistanceToStartPoint><TimeUnit>min</TimeUnit><MethodStartTime>2025-08-13T13:43:46.626</MethodStartTime><MethodStartTimeUtcOffsetMinutes>-420</MethodStartTimeUtcOffsetMinutes><ChromatogramStartTime>2025-08-13T13:43:46.626</ChromatogramStartTime><ChromatogramStartTimeUtcOffsetMinutes>-420</ChromatogramStartTimeUtcOffsetMinutes><VolumeUnit>ml</VolumeUnit><AmplitudePrecision>3</AmplitudePrecision><AmplitudeUnit>MPa</AmplitudeUnit><IsOriginalData>true</IsOriginalData><IsReadOnly>false</IsReadOnly><CompressionDesc></CompressionDesc><CurveNumber>20</CurveNumber><ColumnVolume>23.562</ColumnVolume><ColumnVolumeUnitName>ml</ColumnVolumeUnitName><CurvePoints><CurvePoint><IsFullResolution>true</IsFullResolution><BinaryCurvePointsFileName>Chrom.1_20_True</BinaryCurvePointsFileName></CurvePoint></CurvePoints><GuidePoints /></Curve><Curve CurveDataType="Pressure"><Name>PostC pressure</Name><IsoChroneType>Time</IsoChroneType><InjectionEventCurve><CurveNumber>12</CurveNumber></InjectionEventCurve><IsExternal>false</IsExternal><ScanInterval>0</ScanInterval><DistanceBetweenPoints>0.01666667</DistanceBetweenPoints><DistanceToStartPoint>0.005</DistanceToStartPoint><TimeUnit>min</TimeUnit><MethodStartTime>2025-08-13T13:43:46.626</MethodStartTime><MethodStartTimeUtcOffsetMinutes>-420</MethodStartTimeUtcOffsetMinutes><ChromatogramStartTime>2025-08-13T13:43:46.626</ChromatogramStartTime><ChromatogramStartTimeUtcOffsetMinutes>-420</ChromatogramStartTimeUtcOffsetMinutes><VolumeUnit>ml</VolumeUnit><AmplitudePrecision>3</AmplitudePrecision><AmplitudeUnit>MPa</AmplitudeUnit><IsOriginalData>true</IsOriginalData><IsReadOnly>false</IsReadOnly><CompressionDesc></CompressionDesc><CurveNumber>21</CurveNumber><ColumnVolume>23.562</ColumnVolume><ColumnVolumeUnitName>ml</ColumnVolumeUnitName><CurvePoints><CurvePoint><IsFullResolution>true</IsFullResolution><BinaryCurvePointsFileName>Chrom.1_21_True</BinaryCurvePointsFileName></CurvePoint></CurvePoints><GuidePoints /></Curve><Curve CurveDataType="Temperature"><Name>Cond temp</Name><IsoChroneType>Time</IsoChroneType><InjectionEventCurve><CurveNumber>12</CurveNumber></InjectionEventCurve><IsExternal>false</IsExternal><ScanInterval>0</ScanInterval><DistanceBetweenPoints>0.03333334</DistanceBetweenPoints><DistanceToStartPoint>0.02</DistanceToStartPoint><TimeUnit>min</TimeUnit><MethodStartTime>2025-08-13T13:43:46.626</MethodStartTime><MethodStartTimeUtcOffsetMinutes>-420</MethodStartTimeUtcOffsetMinutes><ChromatogramStartTime>2025-08-13T13:43:46.626</ChromatogramStartTime><ChromatogramStartTimeUtcOffsetMinutes>-420</ChromatogramStartTimeUtcOffsetMinutes><VolumeUnit>ml</VolumeUnit><AmplitudePrecision>1</AmplitudePrecision><AmplitudeUnit>°C</AmplitudeUnit><IsOriginalData>true</IsOriginalData><IsReadOnly>false</IsReadOnly><CompressionDesc></CompressionDesc><CurveNumber>23</CurveNumber><ColumnVolume>23.562</ColumnVolume><ColumnVolumeUnitName>ml</ColumnVolumeUnitName><CurvePoints><CurvePoint><IsFullResolution>true</IsFullResolution><BinaryCurvePointsFileName>Chrom.1_23_True</BinaryCurvePointsFileName></CurvePoint></CurvePoints><GuidePoints /></Curve><Curve CurveDataType="Other"><Name>Analog in 1</Name><IsoChroneType>Time</IsoChroneType><InjectionEventCurve><CurveNumber>12</CurveNumber></InjectionEventCurve><IsExternal>false</IsExternal><ScanInterval>0</ScanInterval><DistanceBetweenPoints>0.003333333</DistanceBetweenPoints><DistanceToStartPoint>0.001666667</DistanceToStartPoint><TimeUnit>min</TimeUnit><MethodStartTime>2025-08-13T13:43:46.626</MethodStartTime><MethodStartTimeUtcOffsetMinutes>-420</MethodStartTimeUtcOffsetMinutes><ChromatogramStartTime>2025-08-13T13:43:46.626</ChromatogramStartTime><ChromatogramStartTimeUtcOffsetMinutes>-420</ChromatogramStartTimeUtcOffsetMinutes><VolumeUnit>ml</VolumeUnit><AmplitudePrecision>1</AmplitudePrecision><AmplitudeUnit>mV</AmplitudeUnit><IsOriginalData>true</IsOriginalData><IsReadOnly>false</IsReadOnly><CompressionDesc></CompressionDesc><CurveNumber>34</CurveNumber><ColumnVolume>23.562</ColumnVolume><ColumnVolumeUnitName>ml</ColumnVolumeUnitName><CurvePoints><CurvePoint><IsFullResolution>true</IsFullResolution><BinaryCurvePointsFileName>Chrom.1_34_True</BinaryCurvePointsFileName></CurvePoint></CurvePoints><GuidePoints /></Curve><Curve CurveDataType="Other"><Name>Analog in 2</Name><IsoChroneType>Time</IsoChroneType><InjectionEventCurve><CurveNumber>12</CurveNumber></InjectionEventCurve><IsExternal>false</IsExternal><ScanInterval>0</ScanInterval><DistanceBetweenPoints>0.003333333</DistanceBetweenPoints><DistanceToStartPoint>0.001666667</DistanceToStartPoint><TimeUnit>min</TimeUnit><MethodStartTime>2025-08-13T13:43:46.626</MethodStartTime><MethodStartTimeUtcOffsetMinutes>-420</MethodStartTimeUtcOffsetMinutes><ChromatogramStartTime>2025-08-13T13:43:46.626</ChromatogramStartTime><ChromatogramStartTimeUtcOffsetMinutes>-420</ChromatogramStartTimeUtcOffsetMinutes><VolumeUnit>ml</VolumeUnit><AmplitudePrecision>1</AmplitudePrecision><AmplitudeUnit>mV</AmplitudeUnit><IsOriginalData>true</IsOriginalData><IsReadOnly>false</IsReadOnly><CompressionDesc></CompressionDesc><CurveNumber>35</CurveNumber><ColumnVolume>23.562</ColumnVolume><ColumnVolumeUnitName>ml</ColumnVolumeUnitName><CurvePoints><CurvePoint><IsFullResolution>true</IsFullResolution><BinaryCurvePointsFileName>Chrom.1_35_True</BinaryCurvePointsFileName></CurvePoint></CurvePoints><GuidePoints /></Curve><Curve CurveDataType="Other"><Name>UV cell path length</Name><IsoChroneType>Time</IsoChroneType><InjectionEventCurve><CurveNumber>12</CurveNumber></InjectionEventCurve><IsExternal>false</IsExternal><ScanInterval>0</ScanInterval><DistanceBetweenPoints>0.01666667</DistanceBetweenPoints><DistanceToStartPoint>0.01166667</DistanceToStartPoint><TimeUnit>min</TimeUnit><MethodStartTime>2025-08-13T13:43:46.626</MethodStartTime><MethodStartTimeUtcOffsetMinutes>-420</MethodStartTimeUtcOffsetMinutes><ChromatogramStartTime>2025-08-13T13:43:46.626</ChromatogramStartTime><ChromatogramStartTimeUtcOffsetMinutes>-420</ChromatogramStartTimeUtcOffsetMinutes><VolumeUnit>ml</VolumeUnit><AmplitudePrecision>1</AmplitudePrecision><AmplitudeUnit>cm</AmplitudeUnit><IsOriginalData>true</IsOriginalData><IsReadOnly>false</IsReadOnly><CompressionDesc></CompressionDesc><CurveNumber>38</CurveNumber><ColumnVolume>23.562</ColumnVolume><ColumnVolumeUnitName>ml</ColumnVolumeUnitName><CurvePoints><CurvePoint><IsFullResolution>true</IsFullResolution><BinaryCurvePointsFileName>Chrom.1_38_True</BinaryCurvePointsFileName></CurvePoint></CurvePoints><GuidePoints /><CurveUVInfo><IsUVValuesNormalizedToNominalUVPathLength>true</IsUVValuesNormalizedToNominalUVPathLength><UVPathLength>2.009998</UVPathLength><NominalUVPathLength>2</NominalUVPathLength><IsSystemProvided>true</IsSystemProvided></CurveUVInfo></Curve><Curve CurveDataType="Other"><Name>Digital in 1</Name><IsoChroneType>Time</IsoChroneType><InjectionEventCurve><CurveNumber>12</CurveNumber></InjectionEventCurve><IsExternal>false</IsExternal><ScanInterval>0</ScanInterval><DistanceBetweenPoints>0.003333333</DistanceBetweenPoints><DistanceToStartPoint>0.001666667</DistanceToStartPoint><TimeUnit>min</TimeUnit><MethodStartTime>2025-08-13T13:43:46.626</MethodStartTime><MethodStartTimeUtcOffsetMinutes>-420</MethodStartTimeUtcOffsetMinutes><ChromatogramStartTime>2025-08-13T13:43:46.626</ChromatogramStartTime><ChromatogramStartTimeUtcOffsetMinutes>-420</ChromatogramStartTimeUtcOffsetMinutes><VolumeUnit>ml</VolumeUnit><AmplitudePrecision>0</AmplitudePrecision><AmplitudeUnit></AmplitudeUnit><IsOriginalData>true</IsOriginalData><IsReadOnly>false</IsReadOnly><CompressionDesc></CompressionDesc><CurveNumber>41</CurveNumber><ColumnVolume>23.562</ColumnVolume><ColumnVolumeUnitName>ml</ColumnVolumeUnitName><CurvePoints><CurvePoint><IsFullResolution>true</IsFullResolution><BinaryCurvePointsFileName>Chrom.1_41_True</BinaryCurvePointsFileName></CurvePoint></CurvePoints><GuidePoints /></Curve><Curve CurveDataType="Other"><Name>Digital in 2</Name><IsoChroneType>Time</IsoChroneType><InjectionEventCurve><CurveNumber>12</CurveNumber></InjectionEventCurve><IsExternal>false</IsExternal><ScanInterval>0</ScanInterval><DistanceBetweenPoints>0.003333333</DistanceBetweenPoints><DistanceToStartPoint>0.001666667</DistanceToStartPoint><TimeUnit>min</TimeUnit><MethodStartTime>2025-08-13T13:43:46.626</MethodStartTime><MethodStartTimeUtcOffsetMinutes>-420</MethodStartTimeUtcOffsetMinutes><ChromatogramStartTime>2025-08-13T13:43:46.626</ChromatogramStartTime><ChromatogramStartTimeUtcOffsetMinutes>-420</ChromatogramStartTimeUtcOffsetMinutes><VolumeUnit>ml</VolumeUnit><AmplitudePrecision>0</AmplitudePrecision><AmplitudeUnit></AmplitudeUnit><IsOriginalData>true</IsOriginalData><IsReadOnly>false</IsReadOnly><CompressionDesc></CompressionDesc><CurveNumber>42</CurveNumber><ColumnVolume>23.562</ColumnVolume><ColumnVolumeUnitName>ml</ColumnVolumeUnitName><CurvePoints><CurvePoint><IsFullResolution>true</IsFullResolution><BinaryCurvePointsFileName>Chrom.1_42_True</BinaryCurvePointsFileName></CurvePoint></CurvePoints><GuidePoints /></Curve><Curve CurveDataType="Other"><Name>Digital in 3</Name><IsoChroneType>Time</IsoChroneType><InjectionEventCurve><CurveNumber>12</CurveNumber></InjectionEventCurve><IsExternal>false</IsExternal><ScanInterval>0</ScanInterval><DistanceBetweenPoints>0.003333333</DistanceBetweenPoints><DistanceToStartPoint>0.001666667</DistanceToStartPoint><TimeUnit>min</TimeUnit><MethodStartTime>2025-08-13T13:43:46.626</MethodStartTime><MethodStartTimeUtcOffsetMinutes>-420</MethodStartTimeUtcOffsetMinutes><ChromatogramStartTime>2025-08-13T13:43:46.626</ChromatogramStartTime><ChromatogramStartTimeUtcOffsetMinutes>-420</ChromatogramStartTimeUtcOffsetMinutes><VolumeUnit>ml</VolumeUnit><AmplitudePrecision>0</AmplitudePrecision><AmplitudeUnit></AmplitudeUnit><IsOriginalData>true</IsOriginalData><IsReadOnly>false</IsReadOnly><CompressionDesc></CompressionDesc><CurveNumber>43</CurveNumber><ColumnVolume>23.562</ColumnVolume><ColumnVolumeUnitName>ml</ColumnVolumeUnitName><CurvePoints><CurvePoint><IsFullResolution>true</IsFullResolution><BinaryCurvePointsFileName>Chrom.1_43_True</BinaryCurvePointsFileName></CurvePoint></CurvePoints><GuidePoints /></Curve><Curve CurveDataType="Other"><Name>Digital in 4</Name><IsoChroneType>Time</IsoChroneType><InjectionEventCurve><CurveNumber>12</CurveNumber></InjectionEventCurve><IsExternal>false</IsExternal><ScanInterval>0</ScanInterval><DistanceBetweenPoints>0.003333333</DistanceBetweenPoints><DistanceToStartPoint>0.001666667</DistanceToStartPoint><TimeUnit>min</TimeUnit><MethodStartTime>2025-08-13T13:43:46.626</MethodStartTime><MethodStartTimeUtcOffsetMinutes>-420</MethodStartTimeUtcOffsetMinutes><ChromatogramStartTime>2025-08-13T13:43:46.626</ChromatogramStartTime><ChromatogramStartTimeUtcOffsetMinutes>-420</ChromatogramStartTimeUtcOffsetMinutes><VolumeUnit>ml</VolumeUnit><AmplitudePrecision>0</AmplitudePrecision><AmplitudeUnit></AmplitudeUnit><IsOriginalData>true</IsOriginalData><IsReadOnly>false</IsReadOnly><CompressionDesc></CompressionDesc><CurveNumber>44</CurveNumber><ColumnVolume>23.562</ColumnVolume><ColumnVolumeUnitName>ml</ColumnVolumeUnitName><CurvePoints><CurvePoint><IsFullResolution>true</IsFullResolution><BinaryCurvePointsFileName>Chrom.1_44_True</BinaryCurvePointsFileName></CurvePoint></CurvePoints><GuidePoints /></Curve><Curve CurveDataType="Other"><Name>Digital out_1</Name><IsoChroneType>Time</IsoChroneType><InjectionEventCurve><CurveNumber>12</CurveNumber></InjectionEventCurve><IsExternal>false</IsExternal><ScanInterval>0</ScanInterval><DistanceBetweenPoints>0.003333333</DistanceBetweenPoints><DistanceToStartPoint>0.001666667</DistanceToStartPoint><TimeUnit>min</TimeUnit><MethodStartTime>2025-08-13T13:43:46.626</MethodStartTime><MethodStartTimeUtcOffsetMinutes>-420</MethodStartTimeUtcOffsetMinutes><ChromatogramStartTime>2025-08-13T13:43:46.626</ChromatogramStartTime><ChromatogramStartTimeUtcOffsetMinutes>-420</ChromatogramStartTimeUtcOffsetMinutes><VolumeUnit>ml</VolumeUnit><AmplitudePrecision>0</AmplitudePrecision><AmplitudeUnit></AmplitudeUnit><IsOriginalData>true</IsOriginalData><IsReadOnly>false</IsReadOnly><CompressionDesc></CompressionDesc><CurveNumber>49</CurveNumber><ColumnVolume>23.562</ColumnVolume><ColumnVolumeUnitName>ml</ColumnVolumeUnitName><CurvePoints><CurvePoint><IsFullResolution>true</IsFullResolution><BinaryCurvePointsFileName>Chrom.1_49_True</BinaryCurvePointsFileName></CurvePoint></CurvePoints><GuidePoints /></Curve><Curve CurveDataType="Other"><Name>Digital out_2</Name><IsoChroneType>Time</IsoChroneType><InjectionEventCurve><CurveNumber>12</CurveNumber></InjectionEventCurve><IsExternal>false</IsExternal><ScanInterval>0</ScanInterval><DistanceBetweenPoints>0.003333333</DistanceBetweenPoints><DistanceToStartPoint>0.001666667</DistanceToStartPoint><TimeUnit>min</TimeUnit><MethodStartTime>2025-08-13T13:43:46.626</MethodStartTime><MethodStartTimeUtcOffsetMinutes>-420</MethodStartTimeUtcOffsetMinutes><ChromatogramStartTime>2025-08-13T13:43:46.626</ChromatogramStartTime><ChromatogramStartTimeUtcOffsetMinutes>-420</ChromatogramStartTimeUtcOffsetMinutes><VolumeUnit>ml</VolumeUnit><AmplitudePrecision>0</AmplitudePrecision><AmplitudeUnit></AmplitudeUnit><IsOriginalData>true</IsOriginalData><IsReadOnly>false</IsReadOnly><CompressionDesc></CompressionDesc><CurveNumber>50</CurveNumber><ColumnVolume>23.562</ColumnVolume><ColumnVolumeUnitName>ml</ColumnVolumeUnitName><CurvePoints><CurvePoint><IsFullResolution>true</IsFullResolution><BinaryCurvePointsFileName>Chrom.1_50_True</BinaryCurvePointsFileName></CurvePoint></CurvePoints><GuidePoints /></Curve><Curve CurveDataType="Other"><Name>Digital out_3</Name><IsoChroneType>Time</IsoChroneType><InjectionEventCurve><CurveNumber>12</CurveNumber></InjectionEventCurve><IsExternal>false</IsExternal><ScanInterval>0</ScanInterval><DistanceBetweenPoints>0.003333333</DistanceBetweenPoints><DistanceToStartPoint>0.001666667</DistanceToStartPoint><TimeUnit>min</TimeUnit><MethodStartTime>2025-08-13T13:43:46.626</MethodStartTime><MethodStartTimeUtcOffsetMinutes>-420</MethodStartTimeUtcOffsetMinutes><ChromatogramStartTime>2025-08-13T13:43:46.626</ChromatogramStartTime><ChromatogramStartTimeUtcOffsetMinutes>-420</ChromatogramStartTimeUtcOffsetMinutes><VolumeUnit>ml</VolumeUnit><AmplitudePrecision>0</AmplitudePrecision><AmplitudeUnit></AmplitudeUnit><IsOriginalData>true</IsOriginalData><IsReadOnly>false</IsReadOnly><CompressionDesc></CompressionDesc><CurveNumber>51</CurveNumber><ColumnVolume>23.562</ColumnVolume><ColumnVolumeUnitName>ml</ColumnVolumeUnitName><CurvePoints><CurvePoint><IsFullResolution>true</IsFullResolution><BinaryCurvePointsFileName>Chrom.1_51_True</BinaryCurvePointsFileName></CurvePoint></CurvePoints><GuidePoints /></Curve><Curve CurveDataType="Other"><Name>Digital out_4</Name><IsoChroneType>Time</IsoChroneType><InjectionEventCurve><CurveNumber>12</CurveNumber></InjectionEventCurve><IsExternal>false</IsExternal><ScanInterval>0</ScanInterval><DistanceBetweenPoints>0.003333333</DistanceBetweenPoints><DistanceToStartPoint>0.001666667</DistanceToStartPoint><TimeUnit>min</TimeUnit><MethodStartTime>2025-08-13T13:43:46.626</MethodStartTime><MethodStartTimeUtcOffsetMinutes>-420</MethodStartTimeUtcOffsetMinutes><ChromatogramStartTime>2025-08-13T13:43:46.626</ChromatogramStartTime><ChromatogramStartTimeUtcOffsetMinutes>-420</ChromatogramStartTimeUtcOffsetMinutes><VolumeUnit>ml</VolumeUnit><AmplitudePrecision>0</AmplitudePrecision><AmplitudeUnit></AmplitudeUnit><IsOriginalData>true</IsOriginalData><IsReadOnly>false</IsReadOnly><CompressionDesc></CompressionDesc><CurveNumber>52</CurveNumber><ColumnVolume>23.562</ColumnVolume><ColumnVolumeUnitName>ml</ColumnVolumeUnitName><CurvePoints><CurvePoint><IsFullResolution>true</IsFullResolution><BinaryCurvePointsFileName>Chrom.1_52_True</BinaryCurvePointsFileName></CurvePoint></CurvePoints><GuidePoints /></Curve><Curve CurveDataType="Other"><Name>Sample flow (CV/h)</Name><IsoChroneType>Time</IsoChroneType><InjectionEventCurve><CurveNumber>12</CurveNumber></InjectionEventCurve><IsExternal>false</IsExternal><ScanInterval>0</ScanInterval><DistanceBetweenPoints>0.01666667</DistanceBetweenPoints><DistanceToStartPoint>0.01</DistanceToStartPoint><TimeUnit>min</TimeUnit><MethodStartTime>2025-08-13T13:43:46.626</MethodStartTime><MethodStartTimeUtcOffsetMinutes>-420</MethodStartTimeUtcOffsetMinutes><ChromatogramStartTime>2025-08-13T13:43:46.626</ChromatogramStartTime><ChromatogramStartTimeUtcOffsetMinutes>-420</ChromatogramStartTimeUtcOffsetMinutes><VolumeUnit>ml</VolumeUnit><AmplitudePrecision>3</AmplitudePrecision><AmplitudeUnit>CV/h</AmplitudeUnit><IsOriginalData>true</IsOriginalData><IsReadOnly>false</IsReadOnly><CompressionDesc></CompressionDesc><CurveNumber>89</CurveNumber><ColumnVolume>23.562</ColumnVolume><ColumnVolumeUnitName>ml</ColumnVolumeUnitName><CurvePoints><CurvePoint><IsFullResolution>true</IsFullResolution><BinaryCurvePointsFileName>Chrom.1_89_True</BinaryCurvePointsFileName></CurvePoint></CurvePoints><GuidePoints /></Curve><Curve CurveDataType="Other"><Name>System flow (CV/h)</Name><IsoChroneType>Time</IsoChroneType><InjectionEventCurve><CurveNumber>12</CurveNumber></InjectionEventCurve><IsExternal>false</IsExternal><ScanInterval>0</ScanInterval><DistanceBetweenPoints>0.01666667</DistanceBetweenPoints><DistanceToStartPoint>0.008333334</DistanceToStartPoint><TimeUnit>min</TimeUnit><MethodStartTime>2025-08-13T13:43:46.626</MethodStartTime><MethodStartTimeUtcOffsetMinutes>-420</MethodStartTimeUtcOffsetMinutes><ChromatogramStartTime>2025-08-13T13:43:46.626</ChromatogramStartTime><ChromatogramStartTimeUtcOffsetMinutes>-420</ChromatogramStartTimeUtcOffsetMinutes><VolumeUnit>ml</VolumeUnit><AmplitudePrecision>3</AmplitudePrecision><AmplitudeUnit>CV/h</AmplitudeUnit><IsOriginalData>true</IsOriginalData><IsReadOnly>false</IsReadOnly><CompressionDesc></CompressionDesc><CurveNumber>90</CurveNumber><ColumnVolume>23.562</ColumnVolume><ColumnVolumeUnitName>ml</ColumnVolumeUnitName><CurvePoints><CurvePoint><IsFullResolution>true</IsFullResolution><BinaryCurvePointsFileName>Chrom.1_90_True</BinaryCurvePointsFileName></CurvePoint></CurvePoints><GuidePoints /></Curve></Curves><EventCurves><EventCurve EventCurveType="Fraction"><Name>Fraction</Name><MethodStartTime>2025-08-13T13:43:46.626</MethodStartTime><MethodStartTimeUtcOffsetMinutes>-420</MethodStartTimeUtcOffsetMinutes><ChromatogramStartTime>2025-08-13T13:43:46.626</ChromatogramStartTime><ChromatogramStartTimeUtcOffsetMinutes>-420</ChromatogramStartTimeUtcOffsetMinutes><InjectionEventCurve><CurveNumber>12</CurveNumber></InjectionEventCurve><TimeUnit>min</TimeUnit><VolumeUnit>ml</VolumeUnit><IsOriginalData>true</IsOriginalData><CurveNumber>11</CurveNumber><ColumnVolume>23.562</ColumnVolume><ColumnVolumeUnitName>ml</ColumnVolumeUnitName><Events><Event EventType="Method" EventSubType="Undefined"><EventTime>10.3</EventTime><EventVolume>8.113927</EventVolume><EventText>1.D.1</EventText><InstructionFeedback>0</InstructionFeedback></Event><Event EventType="Method" EventSubType="Undefined"><EventTime>11.56667</EventTime><EventVolume>9.113708</EventVolume><EventText>1.D.2</EventText><InstructionFeedback>0</InstructionFeedback></Event><Event EventType="Method" EventSubType="Undefined"><EventTime>12.81667</EventTime><EventVolume>10.11353</EventVolume><EventText>1.D.3</EventText><InstructionFeedback>0</InstructionFeedback></Event><Event EventType="Method" EventSubType="Undefined"><EventTime>14.06667</EventTime><EventVolume>11.11349</EventVolume><EventText>1.D.4</EventText><InstructionFeedback>0</InstructionFeedback></Event><Event EventType="Method" EventSubType="Undefined"><EventTime>15.31667</EventTime><EventVolume>12.11345</EventVolume><EventText>1.D.5</EventText><InstructionFeedback>0</InstructionFeedback></Event><Event EventType="Method" EventSubType="Undefined"><EventTime>16.56833</EventTime><EventVolume>13.11448</EventVolume><EventText>1.D.6</EventText><InstructionFeedback>0</InstructionFeedback></Event><Event EventType="Method" EventSubType="Undefined"><EventTime>17.81833</EventTime><EventVolume>14.11444</EventVolume><EventText>1.D.7</EventText><InstructionFeedback>0</InstructionFeedback></Event><Event EventType="Method" EventSubType="Undefined"><EventTime>19.06833</EventTime><EventVolume>15.11441</EventVolume><EventText>1.D.8</EventText><InstructionFeedback>0</InstructionFeedback></Event><Event EventType="Method" EventSubType="Undefined"><EventTime>20.31833</EventTime><EventVolume>16.11434</EventVolume><EventText>1.D.9</EventText><InstructionFeedback>0</InstructionFeedback></Event><Event EventType="Method" EventSubType="Undefined"><EventTime>21.56833</EventTime><EventVolume>17.11408</EventVolume><EventText>1.D.10</EventText><InstructionFeedback>0</InstructionFeedback></Event><Event EventType="Method" EventSubType="Undefined"><EventTime>22.81833</EventTime><EventVolume>18.11404</EventVolume><EventText>1.D.11</EventText><InstructionFeedback>0</InstructionFeedback></Event><Event EventType="Method" EventSubType="Undefined"><EventTime>24.06833</EventTime><EventVolume>19.11396</EventVolume><EventText>1.D.12</EventText><InstructionFeedback>0</InstructionFeedback></Event><Event EventType="Method" EventSubType="Undefined"><EventTime>25.06833</EventTime><EventVolume>19.91391</EventVolume><EventText>Waste(Frac)</EventText><InstructionFeedback>0</InstructionFeedback></Event></Events></EventCurve><EventCurve EventCurveType="Injection"><Name>Injection</Name><MethodStartTime>2025-08-13T13:43:46.626</MethodStartTime><MethodStartTimeUtcOffsetMinutes>-420</MethodStartTimeUtcOffsetMinutes><ChromatogramStartTime>2025-08-13T13:43:46.626</ChromatogramStartTime><ChromatogramStartTimeUtcOffsetMinutes>-420</ChromatogramStartTimeUtcOffsetMinutes><TimeUnit>min</TimeUnit><VolumeUnit>ml</VolumeUnit><IsOriginalData>true</IsOriginalData><CurveNumber>12</CurveNumber><ColumnVolume>23.562</ColumnVolume><ColumnVolumeUnitName>ml</ColumnVolumeUnitName><Events><Event EventType="Injection" EventSubType="Undefined"><EventTime>0.16</EventTime><EventVolume>0.0727993</EventVolume><EventText></EventText><InstructionFeedback>0</InstructionFeedback></Event><Event EventType="Injection" EventSubType="Undefined"><EventTime>0.2066667</EventTime><EventVolume>0.07930598</EventVolume><EventText></EventText><InstructionFeedback>0</InstructionFeedback></Event></Events></EventCurve><EventCurve EventCurveType="Logbook"><Name>Run Log</Name><MethodStartTime>2025-08-13T13:43:46.626</MethodStartTime><MethodStartTimeUtcOffsetMinutes>-420</MethodStartTimeUtcOffsetMinutes><ChromatogramStartTime>2025-08-13T13:43:46.626</ChromatogramStartTime><ChromatogramStartTimeUtcOffsetMinutes>-420</ChromatogramStartTimeUtcOffsetMinutes><InjectionEventCurve><CurveNumber>12</CurveNumber></InjectionEventCurve><TimeUnit>min</TimeUnit><VolumeUnit>ml</VolumeUnit><IsOriginalData>true</IsOriginalData><CurveNumber>22</CurveNumber><ColumnVolume>23.562</ColumnVolume><ColumnVolumeUnitName>ml</ColumnVolumeUnitName><Events><Event EventType="Method" EventSubType="BlockStart"><EventTime>0</EventTime><EventVolume>0</EventVolume><EventText>Method Run 8/13/2025 1:43:46 PM -07:00 Method: 20231201_SEC_autosampler_1.0mlfr_dump20+_A1_v5 Result: /Iceman/Baker Lab/Laura/20250813_a02redo/2a(638906894261588594) User Iceman at computer HP001687 is in control</EventText><InstructionFeedback>0</InstructionFeedback></Event><Event EventType="Method" EventSubType="Undefined"><EventTime>0</EventTime><EventVolume>0</EventVolume><EventText>Batch ID: 55711dac-d70d-4b34-a873-10e18fdc26b6</EventText><InstructionFeedback>0</InstructionFeedback></Event><Event EventType="Method" EventSubType="Undefined"><EventTime>0</EventTime><EventVolume>0</EventVolume><EventText>Base Volume, Vc=23.562 {ml}, Superdex 75 10/300 GL</EventText><InstructionFeedback>0</InstructionFeedback></Event><Event EventType="System" EventSubType="Undefined"><EventTime>0</EventTime><EventVolume>0</EventVolume><EventText>The method flow is now calculated based on the system flow. (System)</EventText><InstructionFeedback>0</InstructionFeedback></Event><Event EventType="Method" EventSubType="BlockStart"><EventTime>0</EventTime><EventVolume>0</EventVolume><EventText>Phase Method Settings (Issued) (Processing) (Completed)</EventText><InstructionFeedback>458753</InstructionFeedback></Event><Event EventType="Method" EventSubType="Undefined"><EventTime>0</EventTime><EventVolume>0</EventVolume><EventText>Base SameAsMain</EventText><InstructionFeedback>0</InstructionFeedback></Event><Event EventType="Method" EventSubType="Undefined"><EventTime>0</EventTime><EventVolume>0</EventVolume><EventText>Alarm pre column pressure Enabled 5.00 {MPa} 0.00 {MPa} (Issued) (Processing)</EventText><InstructionFeedback>196609</InstructionFeedback></Event><Event EventType="Method" EventSubType="Undefined"><EventTime>0.006666667</EventTime><EventVolume>0</EventVolume><EventText>Alarm pre column pressure Enabled 5.00 {MPa} 0.00 {MPa} (Completed)</EventText><InstructionFeedback>262145</InstructionFeedback></Event><Event EventType="Method" EventSubType="Undefined"><EventTime>0.006666667</EventTime><EventVolume>0</EventVolume><EventText>Wavelength 280 {nm} 260 {nm} 230 {nm} (Issued) (Processing)</EventText><InstructionFeedback>196609</InstructionFeedback></Event><Event EventType="Method" EventSubType="Undefined"><EventTime>0.01</EventTime><EventVolume>0</EventVolume><EventText>Wavelength 280 {nm} 260 {nm} 230 {nm} (Completed)</EventText><InstructionFeedback>262145</InstructionFeedback></Event><Event EventType="Method" EventSubType="Undefined"><EventTime>0.01</EventTime><EventVolume>0</EventVolume><EventText>Noise reduction UV 5.0 {sec} (Issued) (Processing)</EventText><InstructionFeedback>196609</InstructionFeedback></Event><Event EventType="Method" EventSubType="Undefined"><EventTime>0.01333333</EventTime><EventVolume>0</EventVolume><EventText>Noise reduction UV 5.0 {sec} (Completed)</EventText><InstructionFeedback>262145</InstructionFeedback></Event><Event EventType="Method" EventSubType="Undefined"><EventTime>0.01333333</EventTime><EventVolume>0</EventVolume><EventText>Injection valve Manual load (Issued) (Processing)</EventText><InstructionFeedback>196609</InstructionFeedback></Event><Event EventType="Method" EventSubType="Undefined"><EventTime>0.01666667</EventTime><EventVolume>0</EventVolume><EventText>Injection valve Manual load (Completed)</EventText><InstructionFeedback>262145</InstructionFeedback></Event><Event EventType="Method" EventSubType="Undefined"><EventTime>0.01666667</EventTime><EventVolume>0</EventVolume><EventText>Column position 2 Down flow (Issued) (Processing)</EventText><InstructionFeedback>196609</InstructionFeedback></Event><Event EventType="Method" EventSubType="Undefined"><EventTime>0.03</EventTime><EventVolume>0</EventVolume><EventText>Column position 2 Down flow (Completed)</EventText><InstructionFeedback>262145</InstructionFeedback></Event><Event EventType="Method" EventSubType="Undefined"><EventTime>0.03</EventTime><EventVolume>0</EventVolume><EventText>Inlet A A1 (Issued) (Processing)</EventText><InstructionFeedback>196609</InstructionFeedback></Event><Event EventType="Method" EventSubType="Undefined"><EventTime>0.03333334</EventTime><EventVolume>0</EventVolume><EventText>Inlet A A1 (Completed)</EventText><InstructionFeedback>262145</InstructionFeedback></Event><Event EventType="Method" EventSubType="Undefined"><EventTime>0.03333334</EventTime><EventVolume>0</EventVolume><EventText>Inlet B B1 (Issued) (Processing)</EventText><InstructionFeedback>196609</InstructionFeedback></Event><Event EventType="Method" EventSubType="Undefined"><EventTime>0.03666667</EventTime><EventVolume>0</EventVolume><EventText>Inlet B B1 (Completed)</EventText><InstructionFeedback>262145</InstructionFeedback></Event><Event EventType="Method" EventSubType="Undefined"><EventTime>0.03666667</EventTime><EventVolume>0</EventVolume><EventText>Alarm inlet A air sensor Enabled (Issued) (Processing)</EventText><InstructionFeedback>196609</InstructionFeedback></Event><Event EventType="Method" EventSubType="Undefined"><EventTime>0.04</EventTime><EventVolume>0</EventVolume><EventText>Alarm inlet A air sensor Enabled (Completed)</EventText><InstructionFeedback>262145</InstructionFeedback></Event><Event EventType="Method" EventSubType="Undefined"><EventTime>0.04</EventTime><EventVolume>0</EventVolume><EventText>System flow 0.800 {ml/min} Pre column pressure (Issued) (Processing)</EventText><InstructionFeedback>196609</InstructionFeedback></Event><Event EventType="Method" EventSubType="Undefined"><EventTime>0.05</EventTime><EventVolume>0.00006703407</EventVolume><EventText>System flow 0.800 {ml/min} Pre column pressure (Completed)</EventText><InstructionFeedback>262145</InstructionFeedback></Event><Event EventType="Method" EventSubType="BlockEnd"><EventTime>0.05</EventTime><EventVolume>0.00006703407</EventVolume><EventText>End Phase (Issued) (Processing) (Completed)</EventText><InstructionFeedback>458753</InstructionFeedback></Event><Event EventType="Method" EventSubType="BlockStart"><EventTime>0.05</EventTime><EventVolume>0.00006703407</EventVolume><EventText>Phase ALIAS loading (Issued) (Processing) (Completed)</EventText><InstructionFeedback>458753</InstructionFeedback></Event><Event EventType="Method" EventSubType="Undefined"><EventTime>0.05</EventTime><EventVolume>0.00006703407</EventVolume><EventText>Base Time {min}</EventText><InstructionFeedback>0</InstructionFeedback></Event><Event EventType="Method" EventSubType="Undefined"><EventTime>0.05</EventTime><EventVolume>0.00006703407</EventVolume><EventText>Watch Digital in 1 Equals 1 Continue (Issued) (Processing) (Completed)</EventText><InstructionFeedback>458753</InstructionFeedback></Event><Event EventType="Method" EventSubType="Undefined"><EventTime>0.05</EventTime><EventVolume>0.00006703407</EventVolume><EventText>Pause Infinite min 8/13/2025 1:43:50 PM -07:00 (Issued) (Processing)</EventText><InstructionFeedback>196609</InstructionFeedback></Event><Event EventType="Method" EventSubType="Undefined"><EventTime>0.05</EventTime><EventVolume>0.00006703407</EventVolume><EventText>Pause Infinite min 8/13/2025 1:43:50 PM -07:00 (Completed)</EventText><InstructionFeedback>262145</InstructionFeedback></Event><Event EventType="System" EventSubType="Undefined"><EventTime>0.05</EventTime><EventVolume>0.00006703407</EventVolume><EventText>Watch Condition Occurred Digital in 1 Equals 1 Continue (Processing) (System)</EventText><InstructionFeedback>131075</InstructionFeedback></Event><Event EventType="System" EventSubType="Undefined"><EventTime>0.05</EventTime><EventVolume>0.00006703407</EventVolume><EventText>Watch Condition Occurred Digital in 1 Equals 1 Continue (Completed) (System)</EventText><InstructionFeedback>262147</InstructionFeedback></Event><Event EventType="Method" EventSubType="Undefined"><EventTime>0.05</EventTime><EventVolume>0.00006703407</EventVolume><EventText>Pulse digital out 1 0.5 {sec} (Issued) (Processing)</EventText><InstructionFeedback>196609</InstructionFeedback></Event><Event EventType="Method" EventSubType="Undefined"><EventTime>0.05333333</EventTime><EventVolume>0.0004279792</EventVolume><EventText>Pulse digital out 1 0.5 {sec} (Completed)</EventText><InstructionFeedback>262145</InstructionFeedback></Event><Event EventType="Method" EventSubType="BlockEnd"><EventTime>0.05333333</EventTime><EventVolume>0.0004279792</EventVolume><EventText>End Phase (Issued) (Processing) (Completed)</EventText><InstructionFeedback>458753</InstructionFeedback></Event><Event EventType="Method" EventSubType="BlockStart"><EventTime>0.05333333</EventTime><EventVolume>0.0004279792</EventVolume><EventText>Phase ALIAS injection (Issued) (Processing) (Completed)</EventText><InstructionFeedback>458753</InstructionFeedback></Event><Event EventType="Method" EventSubType="Undefined"><EventTime>0.05333333</EventTime><EventVolume>0.0004279792</EventVolume><EventText>Base Time {min}</EventText><InstructionFeedback>0</InstructionFeedback></Event><Event EventType="Method" EventSubType="Undefined"><EventTime>0.1533333</EventTime><EventVolume>0.07003023</EventVolume><EventText>Watch Digital in 1 Equals 1 Continue (Issued) (Processing) (Completed)</EventText><InstructionFeedback>458753</InstructionFeedback></Event><Event EventType="Method" EventSubType="Undefined"><EventTime>0.1533333</EventTime><EventVolume>0.07003023</EventVolume><EventText>Pause Infinite min 8/13/2025 1:43:56 PM -07:00 (Issued) (Processing)</EventText><InstructionFeedback>196609</InstructionFeedback></Event><Event EventType="Method" EventSubType="Undefined"><EventTime>0.1533333</EventTime><EventVolume>0.07003023</EventVolume><EventText>Pause Infinite min 8/13/2025 1:43:57 PM -07:00 (Completed)</EventText><InstructionFeedback>262145</InstructionFeedback></Event><Event EventType="System" EventSubType="Undefined"><EventTime>0.1533333</EventTime><EventVolume>0.07003023</EventVolume><EventText>Watch Condition Occurred Digital in 1 Equals 1 Continue (Processing) (System)</EventText><InstructionFeedback>131075</InstructionFeedback></Event><Event EventType="System" EventSubType="Undefined"><EventTime>0.1533333</EventTime><EventVolume>0.07003023</EventVolume><EventText>Watch Condition Occurred Digital in 1 Equals 1 Continue (Completed) (System)</EventText><InstructionFeedback>262147</InstructionFeedback></Event><Event EventType="Method" EventSubType="Undefined"><EventTime>0.1533333</EventTime><EventVolume>0.07003023</EventVolume><EventText>Pulse digital out 2 0.5 {sec} (Issued) (Processing)</EventText><InstructionFeedback>196609</InstructionFeedback></Event><Event EventType="Method" EventSubType="Undefined"><EventTime>0.1566667</EventTime><EventVolume>0.07241756</EventVolume><EventText>Pulse digital out 2 0.5 {sec} (Completed)</EventText><InstructionFeedback>262145</InstructionFeedback></Event><Event EventType="Method" EventSubType="BlockEnd"><EventTime>0.1566667</EventTime><EventVolume>0.07241756</EventVolume><EventText>End Phase (Issued) (Processing) (Completed)</EventText><InstructionFeedback>458753</InstructionFeedback></Event><Event EventType="Method" EventSubType="BlockStart"><EventTime>0.1566667</EventTime><EventVolume>0.07241756</EventVolume><EventText>Phase Sample Application (Issued) (Processing) (Completed)</EventText><InstructionFeedback>458753</InstructionFeedback></Event><Event EventType="Method" EventSubType="Undefined"><EventTime>0.1566667</EventTime><EventVolume>0.07241756</EventVolume><EventText>Base SameAsMain</EventText><InstructionFeedback>0</InstructionFeedback></Event><Event EventType="Method" EventSubType="BlockStart"><EventTime>0.1566667</EventTime><EventVolume>0.07241756</EventVolume><EventText>Block Prepare sample loading_1 (Issued) (Processing) (Completed)</EventText><InstructionFeedback>458753</InstructionFeedback></Event><Event EventType="Method" EventSubType="Undefined"><EventTime>0.1566667</EventTime><EventVolume>0.07241756</EventVolume><EventText>Base SameAsMain</EventText><InstructionFeedback>0</InstructionFeedback></Event><Event EventType="Method" EventSubType="SetMark"><EventTime>0.1566667</EventTime><EventVolume>0.07241756</EventVolume><EventText>Set mark "2a" (Issued) (Processing) (Completed)</EventText><InstructionFeedback>458753</InstructionFeedback></Event><Event EventType="Method" EventSubType="Undefined"><EventTime>0.1566667</EventTime><EventVolume>0.07241756</EventVolume><EventText>Loop wash By-pass A1 5 {ml} (Issued) (Processing)</EventText><InstructionFeedback>196609</InstructionFeedback></Event><Event EventType="System" EventSubType="Undefined"><EventTime>0.16</EventTime><EventVolume>0.0727993</EventVolume><EventText>Continue 8/13/2025 1:46:05 PM -07:00 (Issued) (System)</EventText><InstructionFeedback>65539</InstructionFeedback></Event><Event EventType="System" EventSubType="Undefined"><EventTime>0.16</EventTime><EventVolume>0.0727993</EventVolume><EventText>Continue 8/13/2025 1:46:05 PM -07:00 (Processing) (System)</EventText><InstructionFeedback>131075</InstructionFeedback></Event><Event EventType="System" EventSubType="Undefined"><EventTime>0.16</EventTime><EventVolume>0.0727993</EventVolume><EventText>Continue 8/13/2025 1:46:05 PM -07:00 (Completed) (System)</EventText><InstructionFeedback>262147</InstructionFeedback></Event><Event EventType="Method" EventSubType="Undefined"><EventTime>0.16</EventTime><EventVolume>0.0727993</EventVolume><EventText>Loop wash By-pass A1 5 {ml} (Completed)</EventText><InstructionFeedback>262145</InstructionFeedback></Event><Event EventType="Method" EventSubType="BlockEnd"><EventTime>0.16</EventTime><EventVolume>0.0727993</EventVolume><EventText>End_Block (Issued) (Processing) (Completed)</EventText><InstructionFeedback>458753</InstructionFeedback></Event><Event EventType="Method" EventSubType="Undefined"><EventTime>0.16</EventTime><EventVolume>0.0727993</EventVolume><EventText>Loop valve 5 (Issued) (Processing)</EventText><InstructionFeedback>196609</InstructionFeedback></Event><Event EventType="Method" EventSubType="Undefined"><EventTime>0.1833333</EventTime><EventVolume>0.07336013</EventVolume><EventText>Loop valve 5 (Completed)</EventText><InstructionFeedback>262145</InstructionFeedback></Event><Event EventType="Method" EventSubType="BlockStart"><EventTime>0.1833333</EventTime><EventVolume>0.07336013</EventVolume><EventText>Block Inject_1 (Issued) (Processing) (Completed)</EventText><InstructionFeedback>458753</InstructionFeedback></Event><Event EventType="Method" EventSubType="Undefined"><EventTime>0.1833333</EventTime><EventVolume>0.07336013</EventVolume><EventText>Base Volume, Vc=23.562 {ml}, ColumnSameAsMain</EventText><InstructionFeedback>0</InstructionFeedback></Event><Event EventType="Method" EventSubType="Undefined"><EventTime>0.1833333</EventTime><EventVolume>0.07336013</EventVolume><EventText>Inlet B B1 (Issued) (Processing)</EventText><InstructionFeedback>196609</InstructionFeedback></Event><Event EventType="Method" EventSubType="Undefined"><EventTime>0.1866667</EventTime><EventVolume>0.07352076</EventVolume><EventText>Inlet B B1 (Completed)</EventText><InstructionFeedback>262145</InstructionFeedback></Event><Event EventType="Method" EventSubType="Undefined"><EventTime>0.1866667</EventTime><EventVolume>0.07352076</EventVolume><EventText>Inlet A A1 (Issued) (Processing)</EventText><InstructionFeedback>196609</InstructionFeedback></Event><Event EventType="Method" EventSubType="Undefined"><EventTime>0.19</EventTime><EventVolume>0.07395013</EventVolume><EventText>Inlet A A1 (Completed)</EventText><InstructionFeedback>262145</InstructionFeedback></Event><Event EventType="Method" EventSubType="Undefined"><EventTime>0.19</EventTime><EventVolume>0.07395013</EventVolume><EventText>Gradient 0.0 {%B} 0.00 {ml} (Issued) (Processing)</EventText><InstructionFeedback>196609</InstructionFeedback></Event><Event EventType="Method" EventSubType="Undefined"><EventTime>0.1933333</EventTime><EventVolume>0.07465767</EventVolume><EventText>Gradient 0.0 {%B} 0.00 {ml} (Completed)</EventText><InstructionFeedback>262145</InstructionFeedback></Event><Event EventType="Method" EventSubType="Undefined"><EventTime>0.1933333</EventTime><EventVolume>0.07465767</EventVolume><EventText>Injection valve Inject (Issued) (Processing)</EventText><InstructionFeedback>196609</InstructionFeedback></Event><Event EventType="Method" EventSubType="Undefined"><EventTime>0.2066667</EventTime><EventVolume>0.08025087</EventVolume><EventText>Injection valve Inject (Completed)</EventText><InstructionFeedback>262145</InstructionFeedback></Event><Event EventType="Method" EventSubType="Undefined"><EventTime>0.2066667</EventTime><EventVolume>0.08025087</EventVolume><EventText>System flow 0.800 {ml/min} Pre column pressure (Issued) (Processing)</EventText><InstructionFeedback>196609</InstructionFeedback></Event><Event EventType="Method" EventSubType="Undefined"><EventTime>0.2166667</EventTime><EventVolume>0.0873023</EventVolume><EventText>System flow 0.800 {ml/min} Pre column pressure (Completed)</EventText><InstructionFeedback>262145</InstructionFeedback></Event><Event EventType="Method" EventSubType="BlockEnd"><EventTime>6.448333</EventTime><EventVolume>5.072426</EventVolume><EventText>End_Block (Issued) (Processing) (Completed)</EventText><InstructionFeedback>458753</InstructionFeedback></Event><Event EventType="Method" EventSubType="Undefined"><EventTime>6.448333</EventTime><EventVolume>5.072426</EventVolume><EventText>Injection valve Manual load (Issued) (Processing)</EventText><InstructionFeedback>196609</InstructionFeedback></Event><Event EventType="Method" EventSubType="Undefined"><EventTime>6.461667</EventTime><EventVolume>5.083044</EventVolume><EventText>Injection valve Manual load (Completed)</EventText><InstructionFeedback>262145</InstructionFeedback></Event><Event EventType="Method" EventSubType="Undefined"><EventTime>6.461667</EventTime><EventVolume>5.083044</EventVolume><EventText>Loop valve By-pass (Issued) (Processing)</EventText><InstructionFeedback>196609</InstructionFeedback></Event><Event EventType="Method" EventSubType="Undefined"><EventTime>6.485</EventTime><EventVolume>5.08519</EventVolume><EventText>Loop valve By-pass (Completed)</EventText><InstructionFeedback>262145</InstructionFeedback></Event><Event EventType="Method" EventSubType="BlockEnd"><EventTime>6.485</EventTime><EventVolume>5.08519</EventVolume><EventText>End Phase (Issued) (Processing) (Completed)</EventText><InstructionFeedback>458753</InstructionFeedback></Event><Event EventType="Method" EventSubType="BlockStart"><EventTime>6.485</EventTime><EventVolume>5.08519</EventVolume><EventText>Phase Reset UV (Issued) (Processing) (Completed)</EventText><InstructionFeedback>458753</InstructionFeedback></Event><Event EventType="Method" EventSubType="Undefined"><EventTime>6.485</EventTime><EventVolume>5.08519</EventVolume><EventText>Base SameAsMain</EventText><InstructionFeedback>0</InstructionFeedback></Event><Event EventType="Method" EventSubType="Undefined"><EventTime>6.485</EventTime><EventVolume>5.08519</EventVolume><EventText>Auto zero UV (Issued) (Processing)</EventText><InstructionFeedback>196609</InstructionFeedback></Event><Event EventType="Method" EventSubType="Undefined"><EventTime>6.488333</EventTime><EventVolume>5.085347</EventVolume><EventText>Auto zero UV (Completed)</EventText><InstructionFeedback>262145</InstructionFeedback></Event><Event EventType="Method" EventSubType="BlockEnd"><EventTime>6.488333</EventTime><EventVolume>5.085347</EventVolume><EventText>End Phase (Issued) (Processing) (Completed)</EventText><InstructionFeedback>458753</InstructionFeedback></Event><Event EventType="Method" EventSubType="BlockStart"><EventTime>6.488333</EventTime><EventVolume>5.085347</EventVolume><EventText>Phase Pre-elution dump (Issued) (Processing) (Completed)</EventText><InstructionFeedback>458753</InstructionFeedback></Event><Event EventType="Method" EventSubType="Undefined"><EventTime>6.488333</EventTime><EventVolume>5.085347</EventVolume><EventText>Base SameAsMain</EventText><InstructionFeedback>0</InstructionFeedback></Event><Event EventType="Method" EventSubType="Undefined"><EventTime>6.488333</EventTime><EventVolume>5.085347</EventVolume><EventText>Inlet A A1 (Issued) (Processing)</EventText><InstructionFeedback>196609</InstructionFeedback></Event><Event EventType="Method" EventSubType="Undefined"><EventTime>6.491667</EventTime><EventVolume>5.08578</EventVolume><EventText>Inlet A A1 (Completed)</EventText><InstructionFeedback>262145</InstructionFeedback></Event><Event EventType="Method" EventSubType="Undefined"><EventTime>6.491667</EventTime><EventVolume>5.08578</EventVolume><EventText>Inlet B B1 (Issued) (Processing)</EventText><InstructionFeedback>196609</InstructionFeedback></Event><Event EventType="Method" EventSubType="Undefined"><EventTime>6.495</EventTime><EventVolume>5.086489</EventVolume><EventText>Inlet B B1 (Completed)</EventText><InstructionFeedback>262145</InstructionFeedback></Event><Event EventType="Method" EventSubType="Undefined"><EventTime>6.495</EventTime><EventVolume>5.086489</EventVolume><EventText>Gradient 0.0 {%B} 0.00 {ml} (Issued) (Processing)</EventText><InstructionFeedback>196609</InstructionFeedback></Event><Event EventType="Method" EventSubType="Undefined"><EventTime>6.498333</EventTime><EventVolume>5.087474</EventVolume><EventText>Gradient 0.0 {%B} 0.00 {ml} (Completed)</EventText><InstructionFeedback>262145</InstructionFeedback></Event><Event EventType="Method" EventSubType="Undefined"><EventTime>6.498333</EventTime><EventVolume>5.087474</EventVolume><EventText>System flow 0.800 {ml/min} Pre column pressure (Issued) (Processing)</EventText><InstructionFeedback>196609</InstructionFeedback></Event><Event EventType="Method" EventSubType="Undefined"><EventTime>6.508333</EventTime><EventVolume>5.092103</EventVolume><EventText>System flow 0.800 {ml/min} Pre column pressure (Completed)</EventText><InstructionFeedback>262145</InstructionFeedback></Event><Event EventType="Method" EventSubType="BlockStart"><EventTime>6.508333</EventTime><EventVolume>5.092103</EventVolume><EventText>Block Isocratic_1 (Issued) (Processing) (Completed)</EventText><InstructionFeedback>458753</InstructionFeedback></Event><Event EventType="Method" EventSubType="Undefined"><EventTime>6.508333</EventTime><EventVolume>5.092103</EventVolume><EventText>Base SameAsMain</EventText><InstructionFeedback>0</InstructionFeedback></Event><Event EventType="Method" EventSubType="BlockEnd"><EventTime>10.26</EventTime><EventVolume>8.092181</EventVolume><EventText>End_Block (Issued) (Processing) (Completed)</EventText><InstructionFeedback>458753</InstructionFeedback></Event><Event EventType="Method" EventSubType="BlockEnd"><EventTime>10.26</EventTime><EventVolume>8.092181</EventVolume><EventText>End Phase (Issued) (Processing) (Completed)</EventText><InstructionFeedback>458753</InstructionFeedback></Event><Event EventType="Method" EventSubType="BlockStart"><EventTime>10.26</EventTime><EventVolume>8.092181</EventVolume><EventText>Phase Elution (Issued) (Processing) (Completed)</EventText><InstructionFeedback>458753</InstructionFeedback></Event><Event EventType="Method" EventSubType="Undefined"><EventTime>10.26</EventTime><EventVolume>8.092181</EventVolume><EventText>Base SameAsMain</EventText><InstructionFeedback>0</InstructionFeedback></Event><Event EventType="Method" EventSubType="Undefined"><EventTime>10.26</EventTime><EventVolume>8.092181</EventVolume><EventText>Inlet A A1 (Issued) (Processing)</EventText><InstructionFeedback>196609</InstructionFeedback></Event><Event EventType="Method" EventSubType="Undefined"><EventTime>10.26333</EventTime><EventVolume>8.094835</EventVolume><EventText>Inlet A A1 (Completed)</EventText><InstructionFeedback>262145</InstructionFeedback></Event><Event EventType="Method" EventSubType="Undefined"><EventTime>10.26333</EventTime><EventVolume>8.094835</EventVolume><EventText>Inlet B B1 (Issued) (Processing)</EventText><InstructionFeedback>196609</InstructionFeedback></Event><Event EventType="Method" EventSubType="Undefined"><EventTime>10.26667</EventTime><EventVolume>8.097492</EventVolume><EventText>Inlet B B1 (Completed)</EventText><InstructionFeedback>262145</InstructionFeedback></Event><Event EventType="Method" EventSubType="Undefined"><EventTime>10.26667</EventTime><EventVolume>8.097492</EventVolume><EventText>Gradient 0.0 {%B} 0.00 {ml} (Issued) (Processing)</EventText><InstructionFeedback>196609</InstructionFeedback></Event><Event EventType="Method" EventSubType="Undefined"><EventTime>10.27</EventTime><EventVolume>8.100338</EventVolume><EventText>Gradient 0.0 {%B} 0.00 {ml} (Completed)</EventText><InstructionFeedback>262145</InstructionFeedback></Event><Event EventType="Method" EventSubType="Undefined"><EventTime>10.27</EventTime><EventVolume>8.100338</EventVolume><EventText>System flow 0.800 {ml/min} Pre column pressure (Issued) (Processing)</EventText><InstructionFeedback>196609</InstructionFeedback></Event><Event EventType="Method" EventSubType="Undefined"><EventTime>10.28</EventTime><EventVolume>8.108334</EventVolume><EventText>System flow 0.800 {ml/min} Pre column pressure (Completed)</EventText><InstructionFeedback>262145</InstructionFeedback></Event><Event EventType="Method" EventSubType="BlockStart"><EventTime>10.28</EventTime><EventVolume>8.108334</EventVolume><EventText>Block Start frac (Elution)_2 (Issued) (Processing) (Completed)</EventText><InstructionFeedback>458753</InstructionFeedback></Event><Event EventType="Method" EventSubType="Undefined"><EventTime>10.28</EventTime><EventVolume>8.108334</EventVolume><EventText>Base SameAsMain</EventText><InstructionFeedback>0</InstructionFeedback></Event><Event EventType="Method" EventSubType="Undefined"><EventTime>10.28</EventTime><EventVolume>8.108334</EventVolume><EventText>Last tube filled Pause (Issued) (Processing)</EventText><InstructionFeedback>196609</InstructionFeedback></Event><Event EventType="Method" EventSubType="Undefined"><EventTime>10.28333</EventTime><EventVolume>8.110989</EventVolume><EventText>Last tube filled Pause (Completed)</EventText><InstructionFeedback>262145</InstructionFeedback></Event><Event EventType="Method" EventSubType="Undefined"><EventTime>10.28333</EventTime><EventVolume>8.110989</EventVolume><EventText>Fractionation Volume 96 deep well plate 1.00 {ml} Next tube (Issued) (Processing)</EventText><InstructionFeedback>196609</InstructionFeedback></Event><Event EventType="Method" EventSubType="Undefined"><EventTime>10.3</EventTime><EventVolume>8.113938</EventVolume><EventText>Fractionation Volume 96 deep well plate 1.00 {ml} Next tube (Completed)</EventText><InstructionFeedback>262145</InstructionFeedback></Event><Event EventType="Method" EventSubType="BlockEnd"><EventTime>10.3</EventTime><EventVolume>8.113938</EventVolume><EventText>End_Block (Issued) (Processing) (Completed)</EventText><InstructionFeedback>458753</InstructionFeedback></Event><Event EventType="Method" EventSubType="BlockStart"><EventTime>10.3</EventTime><EventVolume>8.113938</EventVolume><EventText>Block Isocratic_2 (Issued) (Processing) (Completed)</EventText><InstructionFeedback>458753</InstructionFeedback></Event><Event EventType="Method" EventSubType="Undefined"><EventTime>10.3</EventTime><EventVolume>8.113938</EventVolume><EventText>Base SameAsMain</EventText><InstructionFeedback>0</InstructionFeedback></Event><Event EventType="Method" EventSubType="BlockEnd"><EventTime>25.065</EventTime><EventVolume>19.91258</EventVolume><EventText>End_Block (Issued) (Processing) (Completed)</EventText><InstructionFeedback>458753</InstructionFeedback></Event><Event EventType="Method" EventSubType="BlockStart"><EventTime>25.065</EventTime><EventVolume>19.91258</EventVolume><EventText>Block Stop frac (Elution)_2 (Issued) (Processing) (Completed)</EventText><InstructionFeedback>458753</InstructionFeedback></Event><Event EventType="Method" EventSubType="Undefined"><EventTime>25.065</EventTime><EventVolume>19.91258</EventVolume><EventText>Base SameAsMain</EventText><InstructionFeedback>0</InstructionFeedback></Event><Event EventType="Method" EventSubType="Undefined"><EventTime>25.065</EventTime><EventVolume>19.91258</EventVolume><EventText>Stop fractionation (Issued) (Processing)</EventText><InstructionFeedback>196609</InstructionFeedback></Event><Event EventType="Method" EventSubType="Undefined"><EventTime>25.06833</EventTime><EventVolume>19.91524</EventVolume><EventText>Stop fractionation (Completed)</EventText><InstructionFeedback>262145</InstructionFeedback></Event><Event EventType="Method" EventSubType="BlockEnd"><EventTime>25.06833</EventTime><EventVolume>19.91524</EventVolume><EventText>End_Block (Issued) (Processing) (Completed)</EventText><InstructionFeedback>458753</InstructionFeedback></Event><Event EventType="Method" EventSubType="BlockEnd"><EventTime>25.06833</EventTime><EventVolume>19.91524</EventVolume><EventText>End Phase (Issued) (Processing) (Completed)</EventText><InstructionFeedback>458753</InstructionFeedback></Event><Event EventType="Method" EventSubType="BlockStart"><EventTime>25.06833</EventTime><EventVolume>19.91524</EventVolume><EventText>Phase Post-elution dump (Issued) (Processing) (Completed)</EventText><InstructionFeedback>458753</InstructionFeedback></Event><Event EventType="Method" EventSubType="Undefined"><EventTime>25.06833</EventTime><EventVolume>19.91524</EventVolume><EventText>Base SameAsMain</EventText><InstructionFeedback>0</InstructionFeedback></Event><Event EventType="Method" EventSubType="Undefined"><EventTime>25.06833</EventTime><EventVolume>19.91524</EventVolume><EventText>Inlet A A1 (Issued) (Processing)</EventText><InstructionFeedback>196609</InstructionFeedback></Event><Event EventType="Method" EventSubType="Undefined"><EventTime>25.07167</EventTime><EventVolume>19.91789</EventVolume><EventText>Inlet A A1 (Completed)</EventText><InstructionFeedback>262145</InstructionFeedback></Event><Event EventType="Method" EventSubType="Undefined"><EventTime>25.07167</EventTime><EventVolume>19.91789</EventVolume><EventText>Inlet B B1 (Issued) (Processing)</EventText><InstructionFeedback>196609</InstructionFeedback></Event><Event EventType="Method" EventSubType="Undefined"><EventTime>25.075</EventTime><EventVolume>19.92055</EventVolume><EventText>Inlet B B1 (Completed)</EventText><InstructionFeedback>262145</InstructionFeedback></Event><Event EventType="Method" EventSubType="Undefined"><EventTime>25.075</EventTime><EventVolume>19.92055</EventVolume><EventText>Gradient 0.0 {%B} 0.00 {ml} (Issued) (Processing)</EventText><InstructionFeedback>196609</InstructionFeedback></Event><Event EventType="Method" EventSubType="Undefined"><EventTime>25.07833</EventTime><EventVolume>19.9232</EventVolume><EventText>Gradient 0.0 {%B} 0.00 {ml} (Completed)</EventText><InstructionFeedback>262145</InstructionFeedback></Event><Event EventType="Method" EventSubType="Undefined"><EventTime>25.07833</EventTime><EventVolume>19.9232</EventVolume><EventText>System flow 0.800 {ml/min} Pre column pressure (Issued) (Processing)</EventText><InstructionFeedback>196609</InstructionFeedback></Event><Event EventType="Method" EventSubType="Undefined"><EventTime>25.08833</EventTime><EventVolume>19.93116</EventVolume><EventText>System flow 0.800 {ml/min} Pre column pressure (Completed)</EventText><InstructionFeedback>262145</InstructionFeedback></Event><Event EventType="Method" EventSubType="BlockStart"><EventTime>25.08833</EventTime><EventVolume>19.93116</EventVolume><EventText>Block Isocratic (Issued) (Processing) (Completed)</EventText><InstructionFeedback>458753</InstructionFeedback></Event><Event EventType="Method" EventSubType="Undefined"><EventTime>25.08833</EventTime><EventVolume>19.93116</EventVolume><EventText>Base SameAsMain</EventText><InstructionFeedback>0</InstructionFeedback></Event><Event EventType="System" EventSubType="Undefined"><EventTime>29.995</EventTime><EventVolume>23.83332</EventVolume><EventText>Data collection settings adjusted for curve Analog in 1.</EventText><MarkValue>0</MarkValue><InstructionFeedback>0</InstructionFeedback></Event><Event EventType="System" EventSubType="Undefined"><EventTime>29.995</EventTime><EventVolume>23.83332</EventVolume><EventText>Data collection settings adjusted for curve Analog in 2.</EventText><MarkValue>0</MarkValue><InstructionFeedback>0</InstructionFeedback></Event><Event EventType="System" EventSubType="Undefined"><EventTime>29.995</EventTime><EventVolume>23.83332</EventVolume><EventText>Data collection settings adjusted for curve Digital in 1.</EventText><MarkValue>0</MarkValue><InstructionFeedback>0</InstructionFeedback></Event><Event EventType="System" EventSubType="Undefined"><EventTime>29.995</EventTime><EventVolume>23.83332</EventVolume><EventText>Data collection settings adjusted for curve Digital in 2.</EventText><MarkValue>0</MarkValue><InstructionFeedback>0</InstructionFeedback></Event><Event EventType="System" EventSubType="Undefined"><EventTime>29.995</EventTime><EventVolume>23.83332</EventVolume><EventText>Data collection settings adjusted for curve Digital in 3.</EventText><MarkValue>0</MarkValue><InstructionFeedback>0</InstructionFeedback></Event><Event EventType="System" EventSubType="Undefined"><EventTime>29.995</EventTime><EventVolume>23.83332</EventVolume><EventText>Data collection settings adjusted for curve Digital in 4.</EventText><MarkValue>0</MarkValue><InstructionFeedback>0</InstructionFeedback></Event><Event EventType="System" EventSubType="Undefined"><EventTime>29.995</EventTime><EventVolume>23.83332</EventVolume><EventText>Data collection settings adjusted for curve Digital out_1.</EventText><MarkValue>0</MarkValue><InstructionFeedback>0</InstructionFeedback></Event><Event EventType="System" EventSubType="Undefined"><EventTime>29.995</EventTime><EventVolume>23.83332</EventVolume><EventText>Data collection settings adjusted for curve Digital out_2.</EventText><MarkValue>0</MarkValue><InstructionFeedback>0</InstructionFeedback></Event><Event EventType="System" EventSubType="Undefined"><EventTime>29.995</EventTime><EventVolume>23.83332</EventVolume><EventText>Data collection settings adjusted for curve Digital out_3.</EventText><MarkValue>0</MarkValue><InstructionFeedback>0</InstructionFeedback></Event><Event EventType="System" EventSubType="Undefined"><EventTime>29.995</EventTime><EventVolume>23.83332</EventVolume><EventText>Data collection settings adjusted for curve Digital out_4.</EventText><MarkValue>0</MarkValue><InstructionFeedback>0</InstructionFeedback></Event><Event EventType="Method" EventSubType="BlockEnd"><EventTime>37.60667</EventTime><EventVolume>29.92199</EventVolume><EventText>End_Block (Issued) (Processing) (Completed)</EventText><InstructionFeedback>458753</InstructionFeedback></Event><Event EventType="Method" EventSubType="BlockEnd"><EventTime>37.60667</EventTime><EventVolume>29.92199</EventVolume><EventText>End Phase (Issued) (Processing) (Completed)</EventText><InstructionFeedback>458753</InstructionFeedback></Event><Event EventType="Method" EventSubType="Undefined"><EventTime>37.60667</EventTime><EventVolume>29.92199</EventVolume><EventText>End 8/13/2025 2:23:32 PM -07:00 (Issued) (Processing)</EventText><InstructionFeedback>196609</InstructionFeedback></Event><Event EventType="Method" EventSubType="BlockEnd"><EventTime>37.60667</EventTime><EventVolume>29.92199</EventVolume><EventText>End 8/13/2025 2:23:38 PM -07:00 (Completed)</EventText><InstructionFeedback>262145</InstructionFeedback></Event></Events></EventCurve></EventCurves><PoolTables /><PeakTables /></Chromatogram>