<ExportManifest xmlns:xsi="http://www.w3.org/2001/XMLSchema-instance" FormatVersion="1" CRCCode="5E5C901"><Details><FileName>Result.xml</FileName><CRCCode>7929F6D3</CRCCode><FileType>Result</FileType></Details><Details><FileName>ColumnTypeData</FileName><CRCCode>FFFFFFFFEE9103CF</CRCCode><FileType>ResultAuditTrail</FileType></Details><Details><FileName>NextBufferPrepData</FileName><CRCCode>FFFFFFFFB89D4E46</CRCCode><FileType>ResultAuditTrail</FileType></Details><Details><FileName>ColumnIndividualData</FileName><CRCCode>312D6D32</CRCCode><FileType>ResultAuditTrail</FileType></Details><Details><FileName>EvaluationProcedureData</FileName><CRCCode>FFFFFFFFF9044111</CRCCode><FileType>ResultAuditTrail</FileType></Details><Details><FileName>MethodData</FileName><CRCCode>FFFFFFFF89E67D08</CRCCode><FileType>ResultAuditTrail</FileType></Details><Details><FileName>MethodDocumentationData</FileName><CRCCode>4AF092C8</CRCCode><FileType>ResultAuditTrail</FileType></Details><Details><FileName>ReportFormatData</FileName><CRCCode>312D6D32</CRCCode><FileType>ResultAuditTrail</FileType></Details><Details><FileName>SystemData</FileName><CRCCode>F69E287</CRCCode><FileType>ResultAuditTrail</FileType></Details><Details><FileName>SystemSettingData</FileName><CRCCode>FFFFFFFFD92AFA82</CRCCode><FileType>ResultAuditTrail</FileType></Details><Details><FileName>StrategyData</FileName><CRCCode>49807794</CRCCode><FileType>ResultAuditTrail</FileType></Details><Details><FileName>VersionInformationData</FileName><CRCCode>312D6D32</CRCCode><FileType>ResultAuditTrail</FileType></Details><Details><FileName>CalibrationSettingData</FileName><CRCCode>FFFFFFFFD8B60045</CRCCode><FileType>ResultAuditTrail</FileType></Details><Details><FileName>NextFracData</FileName><CRCCode>FFFFFFFFC9FB0B35</CRCCode><FileType>ResultAuditTrail</FileType></Details><Details><FileName>InstrumentConfigurationData</FileName><CRCCode>7560BBE4</CRCCode><FileType>ResultAuditTrail</FileType></Details><Details><FileName>Chrom.1.Xml</FileName><CRCCode>FFFFFFFFCC0243B2</CRCCode><FileType>Chromatogram</FileType></Details><Details><FileName>Chrom.1_1_True</FileName><CRCCode>5C7B9711</CRCCode><FileType>DataCurve</FileType></Details><Details><FileName>Chrom.1_2_True</FileName><CRCCode>56924D14</CRCCode><FileType>DataCurve</FileType></Details><Details><FileName>Chrom.1_3_True</FileName><CRCCode>3CF01F9E</CRCCode><FileType>DataCurve</FileType></Details><Details><FileName>Chrom.1_4_True</FileName><CRCCode>FFFFFFFFEB595DCB</CRCCode><FileType>DataCurve</FileType></Details><Details><FileName>Chrom.1_5_True</FileName><CRCCode>27D6A52A</CRCCode><FileType>DataCurve</FileType></Details><Details><FileName>Chrom.1_6_True</FileName><CRCCode>5FD72F16</CRCCode><FileType>DataCurve</FileType></Details><Details><FileName>Chrom.1_7_True</FileName><CRCCode>32367BF8</CRCCode><FileType>DataCurve</FileType></Details><Details><FileName>Chrom.1_8_True</FileName><CRCCode>7E6642CB</CRCCode><FileType>DataCurve</FileType></Details><Details><FileName>Chrom.1_9_True</FileName><CRCCode>20EF3958</CRCCode><FileType>DataCurve</FileType></Details><Details><FileName>Chrom.1_10_True</FileName><CRCCode>FFFFFFFFB26220DB</CRCCode><FileType>DataCurve</FileType></Details><Details><FileName>Chrom.1_13_True</FileName><CRCCode>FFFFFFFFF8E781F0</CRCCode><FileType>DataCurve</FileType></Details><Details><FileName>Chrom.1_14_True</FileName><CRCCode>FFFFFFFFF8E781F0</CRCCode><FileType>DataCurve</FileType></Details><Details><FileName>Chrom.1_15_True</FileName><CRCCode>FFFFFFFFB11CFD74</CRCCode><FileType>DataCurve</FileType></Details><Details><FileName>Chrom.1_20_True</FileName><CRCCode>736EB125</CRCCode><FileType>DataCurve</FileType></Details><Details><FileName>Chrom.1_21_True</FileName><CRCCode>FFFFFFFF91B606F6</CRCCode><FileType>DataCurve</FileType></Details><Details><FileName>Chrom.1_23_True</FileName><CRCCode>4946965F</CRCCode><FileType>DataCurve</FileType></Details><Details><FileName>Chrom.1_34_True</FileName><CRCCode>726EAB25</CRCCode><FileType>DataCurve</FileType></Details><Details><FileName>Chrom.1_35_True</FileName><CRCCode>FFFFFFFFB1CD613E</CRCCode><FileType>DataCurve</FileType></Details><Details><FileName>Chrom.1_38_True</FileName><CRCCode>7B2C2C1E</CRCCode><FileType>DataCurve</FileType></Details><Details><FileName>Chrom.1_41_True</FileName><CRCCode>6B5DF16A</CRCCode><FileType>DataCurve</FileType></Details><Details><FileName>Chrom.1_42_True</FileName><CRCCode>3E67D11C</CRCCode><FileType>DataCurve</FileType></Details><Details><FileName>Chrom.1_43_True</FileName><CRCCode>3E67D11C</CRCCode><FileType>DataCurve</FileType></Details><Details><FileName>Chrom.1_44_True</FileName><CRCCode>3E67D11C</CRCCode><FileType>DataCurve</FileType></Details><Details><FileName>Chrom.1_49_True</FileName><CRCCode>FFFFFFFFC061B649</CRCCode><FileType>DataCurve</FileType></Details><Details><FileName>Chrom.1_50_True</FileName><CRCCode>FFFFFFFFABDA0263</CRCCode><FileType>DataCurve</FileType></Details><Details><FileName>Chrom.1_51_True</FileName><CRCCode>3E67D11C</CRCCode><FileType>DataCurve</FileType></Details><Details><FileName>Chrom.1_52_True</FileName><CRCCode>3E67D11C</CRCCode><FileType>DataCurve</FileType></Details><Details><FileName>Chrom.1_89_True</FileName><CRCCode>FFFFFFFFF8E781F0</CRCCode><FileType>DataCurve</FileType></Details><Details><FileName>Chrom.1_90_True</FileName><CRCCode>FFFFFFFFAA92A190</CRCCode><FileType>DataCurve</FileType></Details><Details><FileName>EvaluationLog.xml</FileName><CRCCode>291F03AC</CRCCode><FileType>AuditTrail</FileType></Details></ExportManifest>