<ExportManifest xmlns:xsi="http://www.w3.org/2001/XMLSchema-instance" FormatVersion="1" CRCCode="D32F3C2"><Details><FileName>Result.xml</FileName><CRCCode>28D88E34</CRCCode><FileType>Result</FileType></Details><Details><FileName>ColumnTypeData</FileName><CRCCode>FFFFFFFFC2F83CE3</CRCCode><FileType>ResultAuditTrail</FileType></Details><Details><FileName>NextBufferPrepData</FileName><CRCCode>FFFFFFFF8E8FC7A6</CRCCode><FileType>ResultAuditTrail</FileType></Details><Details><FileName>ColumnIndividualData</FileName><CRCCode>4902076E</CRCCode><FileType>ResultAuditTrail</FileType></Details><Details><FileName>EvaluationProcedureData</FileName><CRCCode>497B1B4B</CRCCode><FileType>ResultAuditTrail</FileType></Details><Details><FileName>MethodData</FileName><CRCCode>FFFFFFFFC7603911</CRCCode><FileType>ResultAuditTrail</FileType></Details><Details><FileName>MethodDocumentationData</FileName><CRCCode>FFFFFFFFD1B94EC2</CRCCode><FileType>ResultAuditTrail</FileType></Details><Details><FileName>ReportFormatData</FileName><CRCCode>4902076E</CRCCode><FileType>ResultAuditTrail</FileType></Details><Details><FileName>SystemData</FileName><CRCCode>58D06C24</CRCCode><FileType>ResultAuditTrail</FileType></Details><Details><FileName>SystemSettingData</FileName><CRCCode>FFFFFFFF82D2F9F7</CRCCode><FileType>ResultAuditTrail</FileType></Details><Details><FileName>StrategyData</FileName><CRCCode>FFFFFFFFFBB85F27</CRCCode><FileType>ResultAuditTrail</FileType></Details><Details><FileName>VersionInformationData</FileName><CRCCode>4902076E</CRCCode><FileType>ResultAuditTrail</FileType></Details><Details><FileName>CalibrationSettingData</FileName><CRCCode>3D90F7BA</CRCCode><FileType>ResultAuditTrail</FileType></Details><Details><FileName>NextFracData</FileName><CRCCode>FFFFFFFFC9FB0B35</CRCCode><FileType>ResultAuditTrail</FileType></Details><Details><FileName>InstrumentConfigurationData</FileName><CRCCode>FFFFFFFFD2B7CC8C</CRCCode><FileType>ResultAuditTrail</FileType></Details><Details><FileName>Chrom.1.Xml</FileName><CRCCode>FFFFFFFFED3240C8</CRCCode><FileType>Chromatogram</FileType></Details><Details><FileName>Chrom.1_1_True</FileName><CRCCode>EFACECA</CRCCode><FileType>DataCurve</FileType></Details><Details><FileName>Chrom.1_2_True</FileName><CRCCode>7E0B9EED</CRCCode><FileType>DataCurve</FileType></Details><Details><FileName>Chrom.1_3_True</FileName><CRCCode>7E318A9F</CRCCode><FileType>DataCurve</FileType></Details><Details><FileName>Chrom.1_4_True</FileName><CRCCode>62C4518D</CRCCode><FileType>DataCurve</FileType></Details><Details><FileName>Chrom.1_5_True</FileName><CRCCode>6452F8D</CRCCode><FileType>DataCurve</FileType></Details><Details><FileName>Chrom.1_6_True</FileName><CRCCode>FFFFFFFF9DA04D07</CRCCode><FileType>DataCurve</FileType></Details><Details><FileName>Chrom.1_7_True</FileName><CRCCode>4A99D651</CRCCode><FileType>DataCurve</FileType></Details><Details><FileName>Chrom.1_8_True</FileName><CRCCode>A37002</CRCCode><FileType>DataCurve</FileType></Details><Details><FileName>Chrom.1_9_True</FileName><CRCCode>4C62DBDF</CRCCode><FileType>DataCurve</FileType></Details><Details><FileName>Chrom.1_10_True</FileName><CRCCode>FFFFFFFF903F619D</CRCCode><FileType>DataCurve</FileType></Details><Details><FileName>Chrom.1_13_True</FileName><CRCCode>5EE0F292</CRCCode><FileType>DataCurve</FileType></Details><Details><FileName>Chrom.1_14_True</FileName><CRCCode>5EE0F292</CRCCode><FileType>DataCurve</FileType></Details><Details><FileName>Chrom.1_15_True</FileName><CRCCode>FFFFFFFFFB803CA2</CRCCode><FileType>DataCurve</FileType></Details><Details><FileName>Chrom.1_20_True</FileName><CRCCode>FFFFFFFFEFB15AC5</CRCCode><FileType>DataCurve</FileType></Details><Details><FileName>Chrom.1_21_True</FileName><CRCCode>E94FD81</CRCCode><FileType>DataCurve</FileType></Details><Details><FileName>Chrom.1_23_True</FileName><CRCCode>5C0912C</CRCCode><FileType>DataCurve</FileType></Details><Details><FileName>Chrom.1_34_True</FileName><CRCCode>FFFFFFFF975C4DE0</CRCCode><FileType>DataCurve</FileType></Details><Details><FileName>Chrom.1_35_True</FileName><CRCCode>5A75EA20</CRCCode><FileType>DataCurve</FileType></Details><Details><FileName>Chrom.1_38_True</FileName><CRCCode>3A4864D8</CRCCode><FileType>DataCurve</FileType></Details><Details><FileName>Chrom.1_41_True</FileName><CRCCode>FFFFFFFFC78708F7</CRCCode><FileType>DataCurve</FileType></Details><Details><FileName>Chrom.1_42_True</FileName><CRCCode>31508DD6</CRCCode><FileType>DataCurve</FileType></Details><Details><FileName>Chrom.1_43_True</FileName><CRCCode>31508DD6</CRCCode><FileType>DataCurve</FileType></Details><Details><FileName>Chrom.1_44_True</FileName><CRCCode>31508DD6</CRCCode><FileType>DataCurve</FileType></Details><Details><FileName>Chrom.1_49_True</FileName><CRCCode>FFFFFFFFF1F2D142</CRCCode><FileType>DataCurve</FileType></Details><Details><FileName>Chrom.1_50_True</FileName><CRCCode>22C5CFF0</CRCCode><FileType>DataCurve</FileType></Details><Details><FileName>Chrom.1_51_True</FileName><CRCCode>31508DD6</CRCCode><FileType>DataCurve</FileType></Details><Details><FileName>Chrom.1_52_True</FileName><CRCCode>31508DD6</CRCCode><FileType>DataCurve</FileType></Details><Details><FileName>Chrom.1_89_True</FileName><CRCCode>5EE0F292</CRCCode><FileType>DataCurve</FileType></Details><Details><FileName>Chrom.1_90_True</FileName><CRCCode>6BE868E7</CRCCode><FileType>DataCurve</FileType></Details><Details><FileName>EvaluationLog.xml</FileName><CRCCode>6BDEF7D8</CRCCode><FileType>AuditTrail</FileType></Details></ExportManifest>