<ExportManifest xmlns:xsi="http://www.w3.org/2001/XMLSchema-instance" FormatVersion="1" CRCCode="FFFFFFFFC99A6661"><Details><FileName>Result.xml</FileName><CRCCode>E751A47</CRCCode><FileType>Result</FileType></Details><Details><FileName>ColumnTypeData</FileName><CRCCode>7B682558</CRCCode><FileType>ResultAuditTrail</FileType></Details><Details><FileName>NextBufferPrepData</FileName><CRCCode>35E6CE29</CRCCode><FileType>ResultAuditTrail</FileType></Details><Details><FileName>ColumnIndividualData</FileName><CRCCode>FFFFFFFF9666A8A5</CRCCode><FileType>ResultAuditTrail</FileType></Details><Details><FileName>EvaluationProcedureData</FileName><CRCCode>FFFFFFFF8555F43A</CRCCode><FileType>ResultAuditTrail</FileType></Details><Details><FileName>MethodData</FileName><CRCCode>FFFFFFFFB6BE617F</CRCCode><FileType>ResultAuditTrail</FileType></Details><Details><FileName>MethodDocumentationData</FileName><CRCCode>261052EE</CRCCode><FileType>ResultAuditTrail</FileType></Details><Details><FileName>ReportFormatData</FileName><CRCCode>FFFFFFFF9666A8A5</CRCCode><FileType>ResultAuditTrail</FileType></Details><Details><FileName>SystemData</FileName><CRCCode>3C172D35</CRCCode><FileType>ResultAuditTrail</FileType></Details><Details><FileName>SystemSettingData</FileName><CRCCode>16972817</CRCCode><FileType>ResultAuditTrail</FileType></Details><Details><FileName>StrategyData</FileName><CRCCode>159A4683</CRCCode><FileType>ResultAuditTrail</FileType></Details><Details><FileName>VersionInformationData</FileName><CRCCode>FFFFFFFF9666A8A5</CRCCode><FileType>ResultAuditTrail</FileType></Details><Details><FileName>CalibrationSettingData</FileName><CRCCode>4EED7C88</CRCCode><FileType>ResultAuditTrail</FileType></Details><Details><FileName>NextFracData</FileName><CRCCode>FFFFFFFFC9FB0B35</CRCCode><FileType>ResultAuditTrail</FileType></Details><Details><FileName>InstrumentConfigurationData</FileName><CRCCode>FFFFFFFF91ACAA3B</CRCCode><FileType>ResultAuditTrail</FileType></Details><Details><FileName>Chrom.1.Xml</FileName><CRCCode>FFFFFFFFB312A886</CRCCode><FileType>Chromatogram</FileType></Details><Details><FileName>Chrom.1_1_True</FileName><CRCCode>FFFFFFFFD17DFDBF</CRCCode><FileType>DataCurve</FileType></Details><Details><FileName>Chrom.1_2_True</FileName><CRCCode>FFFFFFFFEA7BB7E4</CRCCode><FileType>DataCurve</FileType></Details><Details><FileName>Chrom.1_3_True</FileName><CRCCode>FFFFFFFF84CB8D0E</CRCCode><FileType>DataCurve</FileType></Details><Details><FileName>Chrom.1_4_True</FileName><CRCCode>7D046F4</CRCCode><FileType>DataCurve</FileType></Details><Details><FileName>Chrom.1_5_True</FileName><CRCCode>4E6C41BF</CRCCode><FileType>DataCurve</FileType></Details><Details><FileName>Chrom.1_6_True</FileName><CRCCode>FFFFFFFFED47C0B5</CRCCode><FileType>DataCurve</FileType></Details><Details><FileName>Chrom.1_7_True</FileName><CRCCode>3BE98D36</CRCCode><FileType>DataCurve</FileType></Details><Details><FileName>Chrom.1_8_True</FileName><CRCCode>7300DFCF</CRCCode><FileType>DataCurve</FileType></Details><Details><FileName>Chrom.1_9_True</FileName><CRCCode>FFFFFFFFE8187492</CRCCode><FileType>DataCurve</FileType></Details><Details><FileName>Chrom.1_10_True</FileName><CRCCode>FFFFFFFFA30D97A7</CRCCode><FileType>DataCurve</FileType></Details><Details><FileName>Chrom.1_13_True</FileName><CRCCode>FFFFFFFFE75DB5FD</CRCCode><FileType>DataCurve</FileType></Details><Details><FileName>Chrom.1_14_True</FileName><CRCCode>FFFFFFFFE75DB5FD</CRCCode><FileType>DataCurve</FileType></Details><Details><FileName>Chrom.1_15_True</FileName><CRCCode>18880E27</CRCCode><FileType>DataCurve</FileType></Details><Details><FileName>Chrom.1_20_True</FileName><CRCCode>1CE36F7D</CRCCode><FileType>DataCurve</FileType></Details><Details><FileName>Chrom.1_21_True</FileName><CRCCode>FFFFFFFF8954F144</CRCCode><FileType>DataCurve</FileType></Details><Details><FileName>Chrom.1_23_True</FileName><CRCCode>193D3F1F</CRCCode><FileType>DataCurve</FileType></Details><Details><FileName>Chrom.1_34_True</FileName><CRCCode>15DD62E8</CRCCode><FileType>DataCurve</FileType></Details><Details><FileName>Chrom.1_35_True</FileName><CRCCode>FFFFFFFFBA229E07</CRCCode><FileType>DataCurve</FileType></Details><Details><FileName>Chrom.1_38_True</FileName><CRCCode>2CC256CB</CRCCode><FileType>DataCurve</FileType></Details><Details><FileName>Chrom.1_41_True</FileName><CRCCode>FFFFFFFFA0A2DCDB</CRCCode><FileType>DataCurve</FileType></Details><Details><FileName>Chrom.1_42_True</FileName><CRCCode>364B469C</CRCCode><FileType>DataCurve</FileType></Details><Details><FileName>Chrom.1_43_True</FileName><CRCCode>364B469C</CRCCode><FileType>DataCurve</FileType></Details><Details><FileName>Chrom.1_44_True</FileName><CRCCode>364B469C</CRCCode><FileType>DataCurve</FileType></Details><Details><FileName>Chrom.1_49_True</FileName><CRCCode>FFFFFFFFFC627449</CRCCode><FileType>DataCurve</FileType></Details><Details><FileName>Chrom.1_50_True</FileName><CRCCode>15ED1055</CRCCode><FileType>DataCurve</FileType></Details><Details><FileName>Chrom.1_51_True</FileName><CRCCode>364B469C</CRCCode><FileType>DataCurve</FileType></Details><Details><FileName>Chrom.1_52_True</FileName><CRCCode>364B469C</CRCCode><FileType>DataCurve</FileType></Details><Details><FileName>Chrom.1_89_True</FileName><CRCCode>FFFFFFFFE75DB5FD</CRCCode><FileType>DataCurve</FileType></Details><Details><FileName>Chrom.1_90_True</FileName><CRCCode>4CA26531</CRCCode><FileType>DataCurve</FileType></Details><Details><FileName>EvaluationLog.xml</FileName><CRCCode>FFFFFFFFE23303B1</CRCCode><FileType>AuditTrail</FileType></Details></ExportManifest>