<Result xmlns:xsi="http://www.w3.org/2001/XMLSchema-instance" FormatVersion="5" UNICORNVersion="7.3.0.473"><ResultState>Normal</ResultState><SystemName>Sundown</SystemName><SystemTypeName>NEXTAKTAchromatography</SystemTypeName><Name>hit6_IPTG(638460418404388325)</Name><BatchId>02928db4-810c-465d-8739-d30fe6984acc</BatchId><IsArchived>false</IsArchived><RunIndex>4</RunIndex><IsReadOnly>false</IsReadOnly><RunType>Method</RunType><ResultPurpose>1</ResultPurpose><FolderPath>/Sundown/BakerLab/wlwhite/20240314_H2Db_hit6_variants_S75_TBS+5%_glycerol</FolderPath><ResultFormatVersion>3</ResultFormatVersion><ResultDocumentation><RunNote></RunNote><EvaluationNote></EvaluationNote><MethodNote>The method was changed to support the used components. 1/23/2022, 2:01:29 PM


Scouting settings were removed.





The method was changed to support the used components. 6/9/2020, 4:13:18 PM

Method Settings
	Inlet B changed  to B1
Sample Application
	Inlet B changed  to B1
Pre-elution dump
	Inlet B changed  to B1
Elution
	Inlet B changed  to B1
Post-elution dump
	Inlet B changed  to B1

</MethodNote></ResultDocumentation><ResultRunInformation RunInformationType="ColumnInformation"><RunInformation>PD94bWwgdmVyc2lvbj0iMS4wIiBlbmNvZGluZz0idXRmLTE2Ij8+PHVzZWRDb2x1bW5zIEZvcm1h
dFZlcnNpb249IjAuMSI+PGNvbHVtbj48bmFtZT5TdXBlcmRleCA3NSBJbmNyZWFzZSAxMC8zMDAg
R0w8L25hbWU+PHZvbHVtZT4yMy41NjI8L3ZvbHVtZT48dm9sdW1lVW5pdD5tbDwvdm9sdW1lVW5p
dD48L2NvbHVtbj48L3VzZWRDb2x1bW5zPg==</RunInformation></ResultRunInformation><ResultRunInformation RunInformationType="InstrumentServerUNICORNVersion"><RunInformation>Ny4zLjAuNDcz</RunInformation></ResultRunInformation><ResultRunInformation RunInformationType="RunStartDate"><RunInformation>MDMvMTQvMjAyNCAxOTozNzoyMCAtMDc6MDA=</RunInformation></ResultRunInformation><ResultSearchCriterias><ResultSearchCriteria><Name>ScoutingVariableValue</Name><Keyword1>Column position</Keyword1><Keyword2>2</Keyword2><ExtraDisplayInformation></ExtraDisplayInformation></ResultSearchCriteria><ResultSearchCriteria><Name>ScoutingVariableValue</Name><Keyword1>Column type</Keyword1><Keyword2>Superdex 75 Increase 10/300 GL</Keyword2></ResultSearchCriteria><ResultSearchCriteria><Name>VariableValue</Name><Keyword1>Empty loop with_1</Keyword1><Keyword2>5.00</Keyword2><ExtraDisplayInformation>{base}</ExtraDisplayInformation></ResultSearchCriteria><ResultSearchCriteria><Name>ScoutingVariableValue</Name><Keyword1>Flow rate</Keyword1><Keyword2>0.700</Keyword2><ExtraDisplayInformation>ml/min</ExtraDisplayInformation></ResultSearchCriteria><ResultSearchCriteria><Name>VariableValue</Name><Keyword1>Frac start position (Elution)_2</Keyword1><Keyword2>Next tube</Keyword2><ExtraDisplayInformation></ExtraDisplayInformation></ResultSearchCriteria><ResultSearchCriteria><Name>VariableValue</Name><Keyword1>Frac tube type (Elution)_2</Keyword1><Keyword2>96 deep well plate</Keyword2><ExtraDisplayInformation></ExtraDisplayInformation></ResultSearchCriteria><ResultSearchCriteria><Name>VariableValue</Name><Keyword1>Frac volume (Elution)_2</Keyword1><Keyword2>0.50</Keyword2><ExtraDisplayInformation>ml</ExtraDisplayInformation></ResultSearchCriteria><ResultSearchCriteria><Name>VariableValue</Name><Keyword1>Inlet A</Keyword1><Keyword2>A1</Keyword2><ExtraDisplayInformation></ExtraDisplayInformation></ResultSearchCriteria><ResultSearchCriteria><Name>VariableValue</Name><Keyword1>Inlet B</Keyword1><Keyword2>B1</Keyword2><ExtraDisplayInformation></ExtraDisplayInformation></ResultSearchCriteria><ResultSearchCriteria><Name>VariableValue</Name><Keyword1>Isocratic elution length</Keyword1><Keyword2>10.00</Keyword2><ExtraDisplayInformation>{base}</ExtraDisplayInformation></ResultSearchCriteria><ResultSearchCriteria><Name>VariableValue</Name><Keyword1>Isocratic elution length_1</Keyword1><Keyword2>3.00</Keyword2><ExtraDisplayInformation>{base}</ExtraDisplayInformation></ResultSearchCriteria><ResultSearchCriteria><Name>VariableValue</Name><Keyword1>Isocratic elution length_2</Keyword1><Keyword2>11.80</Keyword2><ExtraDisplayInformation>{base}</ExtraDisplayInformation></ResultSearchCriteria><ResultSearchCriteria><Name>VariableValue</Name><Keyword1>Last tube filled action (Elution)_2</Keyword1><Keyword2>Pause</Keyword2><ExtraDisplayInformation></ExtraDisplayInformation></ResultSearchCriteria><ResultSearchCriteria><Name>VariableValue</Name><Keyword1>Percent B (Elution)</Keyword1><Keyword2>0.0</Keyword2><ExtraDisplayInformation>%B</ExtraDisplayInformation></ResultSearchCriteria><ResultSearchCriteria><Name>VariableValue</Name><Keyword1>Percent B (Elution)_1</Keyword1><Keyword2>0.0</Keyword2><ExtraDisplayInformation>%B</ExtraDisplayInformation></ResultSearchCriteria><ResultSearchCriteria><Name>VariableValue</Name><Keyword1>Percent B (Elution)_2</Keyword1><Keyword2>0.0</Keyword2><ExtraDisplayInformation>%B</ExtraDisplayInformation></ResultSearchCriteria><ResultSearchCriteria><Name>VariableValue</Name><Keyword1>Percent B (Sample Appl)_1</Keyword1><Keyword2>0.0</Keyword2><ExtraDisplayInformation>%B</ExtraDisplayInformation></ResultSearchCriteria><ResultSearchCriteria><Name>ScoutingVariableValue</Name><Keyword1>Pre column pressure limit</Keyword1><Keyword2>2.00</Keyword2><ExtraDisplayInformation>MPa</ExtraDisplayInformation></ResultSearchCriteria><ResultSearchCriteria><Name>VariableValue</Name><Keyword1>Pressure control</Keyword1><Keyword2>Pre column pressure</Keyword2><ExtraDisplayInformation></ExtraDisplayInformation></ResultSearchCriteria><ResultSearchCriteria><Name>ScoutingVariableValue</Name><Keyword1>Sample_ID_1</Keyword1><Keyword2>hit6_IPTG</Keyword2></ResultSearchCriteria><ResultSearchCriteria><Name>ScoutingVariableValue</Name><Keyword1>UV averaging time</Keyword1><Keyword2>2.5</Keyword2><ExtraDisplayInformation>sec</ExtraDisplayInformation></ResultSearchCriteria><ResultSearchCriteria><Name>VariableValue</Name><Keyword1>UV1</Keyword1><Keyword2>280</Keyword2><ExtraDisplayInformation>nm</ExtraDisplayInformation></ResultSearchCriteria><ResultSearchCriteria><Name>VariableValue</Name><Keyword1>UV2</Keyword1><Keyword2>260</Keyword2><ExtraDisplayInformation>nm</ExtraDisplayInformation></ResultSearchCriteria><ResultSearchCriteria><Name>VariableValue</Name><Keyword1>UV3</Keyword1><Keyword2>230</Keyword2><ExtraDisplayInformation>nm</ExtraDisplayInformation></ResultSearchCriteria></ResultSearchCriterias><Chromatograms><Chromatogram><ChromatogramFileName>Chrom.1</ChromatogramFileName><ChromatogramName>Chrom.1</ChromatogramName></Chromatogram></Chromatograms><IsArchivingAllowed>true</IsArchivingAllowed><IsLegacy>false</IsLegacy><CreatedBy>Sundown</CreatedBy><Created>2024-03-14T19:37:20.44</Created><CreatedUtcOffsetMinutes>-420</CreatedUtcOffsetMinutes><LastModifiedBy>System</LastModifiedBy><LastModified>2024-03-14T20:29:51.791</LastModified><LastModifiedUtcOffsetMinutes>-420</LastModifiedUtcOffsetMinutes><ResultAuxiliary /></Result>