<ExportManifest xmlns:xsi="http://www.w3.org/2001/XMLSchema-instance" FormatVersion="1" CRCCode="FFFFFFFFE0A3DFC1"><Details><FileName>Result.xml</FileName><CRCCode>47F34201</CRCCode><FileType>Result</FileType></Details><Details><FileName>ColumnTypeData</FileName><CRCCode>FCAC136</CRCCode><FileType>ResultAuditTrail</FileType></Details><Details><FileName>NextBufferPrepData</FileName><CRCCode>22E9B6E</CRCCode><FileType>ResultAuditTrail</FileType></Details><Details><FileName>ColumnIndividualData</FileName><CRCCode>1B35C315</CRCCode><FileType>ResultAuditTrail</FileType></Details><Details><FileName>EvaluationProcedureData</FileName><CRCCode>FFFFFFFFBC1C4307</CRCCode><FileType>ResultAuditTrail</FileType></Details><Details><FileName>MethodData</FileName><CRCCode>2FBFFED6</CRCCode><FileType>ResultAuditTrail</FileType></Details><Details><FileName>MethodDocumentationData</FileName><CRCCode>38B1AA78</CRCCode><FileType>ResultAuditTrail</FileType></Details><Details><FileName>ReportFormatData</FileName><CRCCode>1B35C315</CRCCode><FileType>ResultAuditTrail</FileType></Details><Details><FileName>SystemData</FileName><CRCCode>FFFFFFFFB6228455</CRCCode><FileType>ResultAuditTrail</FileType></Details><Details><FileName>SystemSettingData</FileName><CRCCode>FFFFFFFFADEA0819</CRCCode><FileType>ResultAuditTrail</FileType></Details><Details><FileName>StrategyData</FileName><CRCCode>FFFFFFFFACAAD236</CRCCode><FileType>ResultAuditTrail</FileType></Details><Details><FileName>VersionInformationData</FileName><CRCCode>1B35C315</CRCCode><FileType>ResultAuditTrail</FileType></Details><Details><FileName>CalibrationSettingData</FileName><CRCCode>697B95AD</CRCCode><FileType>ResultAuditTrail</FileType></Details><Details><FileName>NextFracData</FileName><CRCCode>680DD809</CRCCode><FileType>ResultAuditTrail</FileType></Details><Details><FileName>InstrumentConfigurationData</FileName><CRCCode>FFFFFFFFAFF30E2A</CRCCode><FileType>ResultAuditTrail</FileType></Details><Details><FileName>Chrom.1.Xml</FileName><CRCCode>FFFFFFFFD076FEE7</CRCCode><FileType>Chromatogram</FileType></Details><Details><FileName>Chrom.1_1_True</FileName><CRCCode>23B43560</CRCCode><FileType>DataCurve</FileType></Details><Details><FileName>Chrom.1_2_True</FileName><CRCCode>FFFFFFFF9D39BCEF</CRCCode><FileType>DataCurve</FileType></Details><Details><FileName>Chrom.1_3_True</FileName><CRCCode>FFFFFFFFE45CF92C</CRCCode><FileType>DataCurve</FileType></Details><Details><FileName>Chrom.1_4_True</FileName><CRCCode>14268B0F</CRCCode><FileType>DataCurve</FileType></Details><Details><FileName>Chrom.1_5_True</FileName><CRCCode>FFFFFFFFF6E79113</CRCCode><FileType>DataCurve</FileType></Details><Details><FileName>Chrom.1_6_True</FileName><CRCCode>74CF36D9</CRCCode><FileType>DataCurve</FileType></Details><Details><FileName>Chrom.1_7_True</FileName><CRCCode>3DFD33D7</CRCCode><FileType>DataCurve</FileType></Details><Details><FileName>Chrom.1_8_True</FileName><CRCCode>FFFFFFFF92601C66</CRCCode><FileType>DataCurve</FileType></Details><Details><FileName>Chrom.1_9_True</FileName><CRCCode>130D5C37</CRCCode><FileType>DataCurve</FileType></Details><Details><FileName>Chrom.1_10_True</FileName><CRCCode>FFFFFFFFB1CABD4E</CRCCode><FileType>DataCurve</FileType></Details><Details><FileName>Chrom.1_20_True</FileName><CRCCode>794D50BC</CRCCode><FileType>DataCurve</FileType></Details><Details><FileName>Chrom.1_21_True</FileName><CRCCode>F9EB3F7</CRCCode><FileType>DataCurve</FileType></Details><Details><FileName>Chrom.1_23_True</FileName><CRCCode>FFFFFFFFE8A83A89</CRCCode><FileType>DataCurve</FileType></Details><Details><FileName>Chrom.1_34_True</FileName><CRCCode>1D73C754</CRCCode><FileType>DataCurve</FileType></Details><Details><FileName>Chrom.1_35_True</FileName><CRCCode>FFFFFFFFE33EFC4D</CRCCode><FileType>DataCurve</FileType></Details><Details><FileName>Chrom.1_38_True</FileName><CRCCode>85D41E</CRCCode><FileType>DataCurve</FileType></Details><Details><FileName>Chrom.1_41_True</FileName><CRCCode>FFFFFFFFBC6A2535</CRCCode><FileType>DataCurve</FileType></Details><Details><FileName>Chrom.1_42_True</FileName><CRCCode>FFFFFFFFD0BC1CF0</CRCCode><FileType>DataCurve</FileType></Details><Details><FileName>Chrom.1_43_True</FileName><CRCCode>FFFFFFFFD0BC1CF0</CRCCode><FileType>DataCurve</FileType></Details><Details><FileName>Chrom.1_44_True</FileName><CRCCode>FFFFFFFFD0BC1CF0</CRCCode><FileType>DataCurve</FileType></Details><Details><FileName>Chrom.1_49_True</FileName><CRCCode>50CA9D69</CRCCode><FileType>DataCurve</FileType></Details><Details><FileName>Chrom.1_50_True</FileName><CRCCode>FFFFFFFFFC2F87B6</CRCCode><FileType>DataCurve</FileType></Details><Details><FileName>Chrom.1_51_True</FileName><CRCCode>FFFFFFFFD0BC1CF0</CRCCode><FileType>DataCurve</FileType></Details><Details><FileName>Chrom.1_52_True</FileName><CRCCode>FFFFFFFFD0BC1CF0</CRCCode><FileType>DataCurve</FileType></Details><Details><FileName>Chrom.1_90_True</FileName><CRCCode>FFFFFFFFC4B6221D</CRCCode><FileType>DataCurve</FileType></Details><Details><FileName>EvaluationLog.xml</FileName><CRCCode>FFFFFFFFC59E77DB</CRCCode><FileType>AuditTrail</FileType></Details></ExportManifest>