<AuditTrails xmlns:xsi="http://www.w3.org/2001/XMLSchema-instance" FormatVersion="2" UNICORNVersion="7.3.0.473"><AuditTrail><AuditTrailType>Evaluation</AuditTrailType><Created>2024-03-14T21:24:01.754</Created><CreatedBy>System</CreatedBy><CreatedUtcOffsetMinutes>-420</CreatedUtcOffsetMinutes><AuditTrailEntries><AuditTrailEntry><LogTime>2024-03-14T21:24:01.754</LogTime><LogTimeUtcOffsetMinutes>-420</LogTimeUtcOffsetMinutes><AuditTrailEntryType>Evaluation</AuditTrailEntryType><GroupName>EvaluationLoggingStarted</GroupName><Operator>System</Operator><LogEntry>Logging started. User: System. UNICORN 7.3.0.473.</LogEntry><HasDetails>false</HasDetails></AuditTrailEntry></AuditTrailEntries></AuditTrail></AuditTrails>